"rank","artist","releaseYear"
1,"Queen",1975
2,"Eagles",1977
3,"Led Zeppelin",1971
4,"Billy Joel",1974
5,"Deep Purple",1972
6,"Pearl Jam",1991
7,"Pink Floyd",1975
8,"Coldplay",2005
9,"Boudewijn de Groot",1997
10,"Guns N' Roses",1992
11,"David Bowie",1977
12,"Pink Floyd",1979
13,"AC/DC",1990
14,"Claudia de Breij",2011
15,"Metallica",1992
16,"John Lennon",1971
17,"Dire Straits",1985
18,"Prince",1984
19,"Bruce Springsteen",1981
20,"Johnny Cash",2003
21,"Golden Earring",1973
22,"Pink Floyd",1975
23,"Metallica",1994
24,"Racoon",2012
25,"Toto",1982
26,"Dire Straits",1978
27,"Meat Loaf",1978
28,"Simon & Garfunkel",1966
29,"The Beach Boys",1966
30,"Pearl Jam",2009
31,"Coldplay",2009
32,"U2",1992
33,"Fleetwood Mac",1977
34,"Nirvana",1991
35,"The Alan Parsons Project",1982
36,"Guns N' Roses",1988
37,"Pearl Jam",1992
38,"Queen",1991
39,"Coldplay",2002
40,"Linkin Park",2001
41,"U2",1987
42,"The Cure",1980
43,"AC/DC",1979
44,"Supertramp",1974
45,"Klein Orkest",1984
46,"Coldplay",2003
47,"U2",1985
48,"Phil Collins",1981
49,"The Doors",1971
50,"Guus Meeuwis",2004
51,"The Rolling Stones",1973
52,"Paolo Nutini",2014
53,"Dire Straits",1982
54,"Disturbed",2016
55,"Electric Light Orchestra",1978
56,"Red Hot Chili Peppers",1992
57,"Amy Winehouse",2006
58,"Simon & Garfunkel",1970
59,"AC/DC",1978
60,"Kensington",2016
61,"The Beatles",1968
62,"Wim Sonneveld",1974
63,"Metallica",1991
64,"Rage Against The Machine",1992
65,"Radiohead",1993
66,"Queen",1976
67,"The Rolling Stones",1966
68,"Robbie Williams",1998
69,"Dire Straits",1982
70,"The Rolling Stones",1973
71,"U2",1987
72,"Queen",1975
73,"R.E.M.",1991
74,"Otis Redding",1968
75,"Eric Clapton",1992
76,"David Bowie",1969
77,"The Animals",1964
78,"Snow Patrol",2006
79,"The Beatles",1970
80,"The Rolling Stones",1969
81,"Billy Joel",1983
82,"Acda & De Munnik",1998
83,"The Verve",1997
84,"Supertramp",1977
85,"Elvis Presley",1969
86,"Ramses Shaffy",1969
86,"Liesbeth List",1969
87,"The Beatles",1965
88,"Foo Fighters",2007
89,"Adele",2011
90,"Pink Floyd",1979
91,"Stef Bos",1991
92,"ABBA",1976
93,"Metallica",1986
94,"Queen",1979
95,"Van Dik Hout",1994
96,"Muse",2009
97,"Bette Midler",1980
98,"Leonard Cohen",1984
99,"Simple Minds",1989
100,"Oasis",1995
101,"Queen",1981
101,"David Bowie",1981
102,"Falco",1985
103,"Ed Sheeran",2017
104,"Eagles",1976
105,"The Beatles",1969
106,"Eagles",1973
107,"Queen",1986
108,"Ramses Shaffy",1978
109,"Marco Borsato",2008
110,"Sting",1988
111,"Black Sabbath",1970
112,"Neil Young",1972
113,"Michael Jackson",1983
114,"Jeff Buckley",1994
115,"Oasis",1996
116,"Depeche Mode",1990
117,"Procol Harum",1967
118,"Lou Reed",1972
119,"Golden Earring",1984
120,"Kate Bush",1978
121,"The Beatles",1968
122,"Adele",2015
123,"U2",1987
124,"The Moody Blues",1968
125,"Muse",2006
126,"Coldplay",2000
127,"Red Hot Chili Peppers",2000
128,"Dolly Parton",1974
129,"U2",1985
130,"Led Zeppelin",1969
131,"Deep Purple",1973
132,"Frans Halsema",1977
133,"Bob Dylan",1975
134,"Kyteman",2009
135,"George Michael",1993
135,"Queen",1993
136,"Pearl Jam",1991
137,"Ed Sheeran",2014
138,"Adele",2008
139,"Elbow",2008
140,"Simon & Garfunkel",1969
141,"Herman Brood & His Wild Romance",1978
142,"The Scene",1991
143,"Racoon",2005
144,"R.E.M.",1993
145,"Bryan Adams",1984
146,"Eminem",2002
147,"Michael Jackson",1983
148,"Gary Moore",1990
149,"Earth Wind & Fire",1979
150,"Jackson Browne",1977
151,"Foo Fighters",1997
152,"Radiohead",1995
153,"The Amazing Stroopwafels",1982
154,"Aerosmith",1973
155,"Nirvana",1991
156,"A-Ha",1985
157,"Creedence Clearwater Revival",1972
158,"U2",1984
159,"André Hazes",1990
160,"Guns N' Roses",1989
161,"Michael Jackson",1988
162,"Rammstein",1997
163,"Adele",2010
164,"Adele",2012
165,"The Beatles",1967
166,"Michael Jackson",1995
167,"Marvin Gaye",1971
168,"Iron Maiden",1993
169,"Anouk",1997
170,"Radiohead",1997
171,"Ed Sheeran",2014
172,"André Hazes",2002
173,"Marillion",1985
174,"System Of A Down",2001
175,"Genesis",1983
176,"Simple Minds",1985
177,"Ed Sheeran",2017
178,"The Killers",2005
179,"Jimi Hendrix Experience",1968
180,"Bruce Springsteen",1975
181,"Faithless",1995
182,"Rammstein",2001
183,"Sting",1993
184,"The White Stripes",2003
185,"Ed Sheeran",2017
186,"Dire Straits",1985
187,"John Miles",1976
188,"Eddie Vedder",2007
189,"Bruce Springsteen",1994
190,"Motörhead",1980
191,"Live",1995
192,"ABBA",1980
193,"Soundgarden",1994
194,"Editors",2009
195,"Maaike Ouboter",2013
196,"Charles Aznavour",1974
197,"Queen",1991
198,"Journey",1981
199,"Ramses Shaffy",1971
200,"Stromae",2013
201,"3 Doors Down",2000
202,"The Cranberries",1994
203,"Elvis Presley",1969
204,"Rag'n'Bone Man",2016
205,"Dotan",2014
206,"Chef'Special",2014
207,"Neil Young",1972
208,"U2",2000
209,"Bon Jovi",1993
210,"Queens Of The Stone Age",2002
211,"Freddie Mercury",1987
211,"Montserrat Caballé",1987
212,"Pink Floyd",1971
213,"Paul Simon",1987
214,"Kansas",1978
215,"The Rolling Stones",1969
216,"Creedence Clearwater Revival",1971
217,"Jacques Brel",1965
218,"Kings Of Leon",2008
219,"Adele",2015
220,"Frank Boeijen Groep",1990
221,"The Beach Boys",1966
222,"Muse",2015
223,"10CC",1978
224,"Radiohead",1997
225,"The Beatles",1968
226,"Pharrel Williams",2013
227,"Boston",1977
228,"The Police",1979
229,"Slayer",1986
230,"Kensington",2014
231,"The Cult",1986
232,"George Michael",1984
233,"U2",2007
233,"Mary J. Blige",2007
234,"Golden Earring",1969
235,"Alphaville",1984
236,"Santana",1970
237,"Frank Boeijen Groep",1985
238,"Tracy Chapman",1988
239,"Kayak",1979
240,"Sting",1988
241,"John Legend",2013
242,"The Scene",1991
243,"Scorpions",1991
244,"The Doors",1967
245,"Within Temptation",2002
246,"Nirvana",1991
247,"10CC",1975
248,"Cuby & The Blizzards",1968
249,"Fleetwood Mac",1977
250,"Tina Turner",1971
251,"Led Zeppelin",1975
252,"Fleetwood Mac",1977
253,"Adele",2011
254,"André Hazes",2000
255,"AC/DC",1980
256,"The Who",1971
257,"Bob Marley & The Wailers",1975
258,"De Jeugd Van Tegenwoordig",2010
259,"Bill Withers",1971
260,"Sinead O'Connor",1987
261,"Fleetwood Mac",1980
262,"The Mamas & The Papas",1966
263,"Coldplay",2014
264,"Creedence Clearwater Revival",1969
265,"Queen",1984
266,"Peter Maffay",1971
267,"David Bowie",1971
268,"Alice Cooper",1973
269,"Hozier",2014
270,"Green Day",2004
271,"Bob Marley & The Wailers",1980
272,"Janis Joplin",1971
273,"ABBA",1982
274,"Passenger",2012
275,"Mark & Clark Band",1977
276,"Van Morrison",1967
277,"Boudewijn de Groot",1967
278,"Guns N' Roses",1992
279,"Keane",2004
280,"Volbeat",2013
281,"Jefferson Airplane",1970
282,"Phil Collins",1984
283,"Evanescence",2003
284,"Jason Paige",1997
285,"Creedence Clearwater Revival",1969
286,"Joe Cocker",1968
287,"Peter Fox",2009
288,"Faithless",2004
289,"Eric Clapton",1992
290,"The Police",1983
291,"Peter Gabriel",1977
292,"Kate Bush",1978
293,"Metallica",1984
294,"Kensington",2014
295,"Cat Stevens",1972
296,"Metallica",1991
297,"De Dijk",1994
298,"Leonard Cohen",1968
299,"ABBA",1978
300,"Foreigner",1984
301,"Bløf",2012
302,"Kate Bush",1986
302,"Peter Gabriel",1986
303,"Queensrÿche",1990
304,"Madness",1979
305,"The Rolling Stones",1965
306,"Golden Earring",1982
307,"Bruce Springsteen",1984
308,"Normaal",1982
309,"Eagles",1975
310,"Queen",1974
311,"Imagine Dragons",2012
312,"Snow Patrol",2004
313,"Michel Fugain",1972
314,"Bløf",1998
315,"Lynyrd Skynyrd",1974
316,"Mumford & Sons",2010
317,"George Michael",1996
318,"Billy Joel",1978
319,"Johnny Cash",1963
320,"Seal",1994
321,"Abel",2000
322,"Ultravox",1981
323,"Sinead O'Connor",1990
324,"Santana",1978
325,"Editors",2007
326,"Bob Marley & The Wailers",1977
327,"Bruce Springsteen",1985
328,"Dire Straits",1985
329,"Damien Rice",2006
330,"Neil Diamond",1969
331,"Alice Cooper",1989
332,"Meat Loaf",1977
333,"Within Temptation",2002
334,"Michael Jackson",1983
335,"Guns N' Roses",1989
336,"Acda & De Munnik",1997
337,"Arctic Monkeys",2013
338,"Justin Timberlake",2016
339,"De Dijk",1990
340,"Frank Sinatra",1969
341,"Prince",1984
342,"Neil Young",1989
343,"Normaal",1977
344,"Bløf",2003
345,"The Waterboys",1986
346,"Goo Goo Dolls",1999
347,"America",1972
348,"Neil Young",1977
349,"Ramses Shaffy",2005
349,"Liesbeth List",2005
349,"Alderliefste",2005
350,"The Proclaimers",1988
351,"Bløf",1998
352,"Eagles",1972
353,"Volbeat",2007
354,"Supertramp",1979
355,"Tom Odell",2012
356,"The Band",1968
357,"Bruce Springsteen",1975
358,"Muse",2001
359,"Green Day",1994
360,"Boudewijn de Groot",1966
361,"André Hazes",1983
362,"Elvis Costello",1999
363,"Jim Croce",1973
364,"Herbert Grönemeyer",1988
365,"Acda & De Munnik",2002
366,"Wham!",1984
367,"Rowwen Hèze",2000
368,"Massive Attack",1991
369,"Pink Floyd",1973
370,"Earth Wind & Fire",1978
371,"Boudewijn de Groot",2004
372,"The Common Linnets",2014
373,"Bløf",1999
374,"Bon Jovi",1986
375,"AC/DC",1980
376,"Nena",1983
377,"Foo Fighters",1999
378,"David Bowie",1972
379,"André Hazes",1977
380,"Robbie Williams",2002
381,"Lynyrd Skynyrd",1974
382,"Alicia Keys",2009
383,"Eric Clapton",1988
384,"The Alan Parsons Project",1982
385,"Bob Dylan",1965
386,"Paul de Leeuw",1997
387,"Frankie Goes To Hollywood",1984
388,"Bee Gees",1978
389,"Elton John",1971
390,"Phil Collins",1989
391,"Guns N' Roses",1994
392,"David Bowie",1983
393,"Dire Straits",1980
394,"Iron Maiden",1988
395,"Sia",2013
396,"Coldplay",2011
397,"Racoon",2011
398,"Linkin Park",2004
399,"Queen",1991
400,"Kiss",1979
401,"Skik",1997
402,"Pink Floyd",1973
403,"Nirvana",1994
404,"The Doors",1967
405,"Linkin Park",2004
405,"Jay Z",2004
406,"Muse",2002
407,"U2",1983
408,"Pink Floyd",1973
409,"Queen",1977
410,"Ed Sheeran",2011
411,"The Beatles",1966
412,"George Michael",1990
413,"Underworld",1996
414,"Kensington",2015
415,"Al Stewart",1977
416,"Michael Jackson",1988
417,"Chris Isaak",1991
418,"Princ",1996
419,"U2",1984
420,"Aerosmith",1998
421,"The Doors",1971
422,"The Police",1979
423,"B.B. King",1969
424,"New Order",1983
425,"Talking Heads",1978
426,"Johnny Cash",1957
427,"Joy Division",1980
428,"David Bowie",1974
429,"Red Hot Chili Peppers",2006
430,"Ed Sheeran",2015
431,"Van Morrison",1989
432,"ABBA",1978
433,"Mumford & Sons",2009
434,"Anouk",2005
435,"Scorpions",1987
436,"Chuck Berry",1958
437,"Jimi Hendrix Experience",1967
438,"De Dijk",1987
439,"Michael Jackson",1988
440,"Toto",1979
441,"Tenacious D",2003
442,"The Black Keys",2012
443,"Bløf",2004
443,"Counting Crows",2004
444,"Muse",2006
445,"Imagine Dragons",2014
446,"Bløf",2000
447,"Focus",1971
448,"Talk Talk",1984
449,"Gerry Rafferty",1978
450,"U2",1982
451,"Pink",2012
452,"London Grammar",2014
453,"Santana",1970
454,"Armin van Buuren",2013
455,"Kensington",2016
456,"The Rolling Stones",1971
457,"Bruce Springsteen",1978
458,"Yes",1983
459,"Anouk",2013
460,"De Dijk",1987
461,"Guus Meeuwis",2004
462,"Diggy Dex ft. JW Roy",2015
463,"Queen",1984
464,"K's Choice",1996
465,"Elvis Costello",1986
466,"Bruce Springsteen",1985
467,"Fleetwood Mac",1979
468,"Gotye",2011
468,"Kimbra",2011
469,"ZZ Top",1973
470,"R.E.M.",1992
471,"Marco Borsato",1996
472,"Rowwen Hèze",2005
473,"Krezip",2000
474,"Boudewijn de Groot",1966
475,"De Dijk",1985
476,"Genesis",1973
477,"Mark Ronson",2014
477,"Bruno Mars",2014
478,"Paolo Conte",1988
479,"Alanis Morissette",1995
480,"Daft Punk",2013
481,"Amy Winehouse",2007
482,"Pink",2017
483,"Buena Vista Social Club",1997
484,"Whitney Houston",1992
485,"Led Zeppelin",1971
486,"The Boxer Rebellion",2013
487,"Elvis Presley",1961
488,"Orchestral Manoeuvres In The Dark",1982
489,"Eminem",2000
489,"Dido",2000
490,"Elbow",2011
491,"Guns N' Roses",1989
492,"Billy Joel",1989
493,"Chef'Special",2016
494,"Green Day",2005
495,"Arcade Fire",2017
496,"Beyoncé",2010
497,"Vangelis",1995
498,"Heart",1987
499,"David Bowie",2015
500,"John Denver",1971
501,"Elvis Presley",1972
502,"Neil Diamond",1971
503,"Simply Red",1985
504,"The Temptations",1972
505,"The Beatles",1967
506,"The Beatles",1967
507,"Muse",2006
508,"Stevie Wonder",1973
509,"Amy Winehouse",2007
509,"Mark Ronson",2007
510,"The Script",2008
511,"Fischer-Z",1980
512,"Beth Hart",2003
513,"Toto",1988
514,"The Stranglers",1982
515,"Fleetwood Mac",1977
516,"Bee Gees",1977
517,"Stromae",2013
518,"Men At Work",1982
519,"Cat Stevens",1971
520,"The Babys",1979
521,"Red Hot Chili Peppers",1999
522,"John Denver",1976
523,"Europe",1986
524,"Crosby, Stills, Nash & Young",1970
525,"Johnny Cash",1969
526,"Henk Westbroek",1998
527,"Louis Armstrong",1968
528,"Whitesnake",1987
529,"Golden Earring",1991
530,"Fleetwood Mac",1976
531,"Uriah Heep",1973
532,"Dj Paul Elstak",1995
533,"De Staat",2014
534,"Massive Attack",1998
535,"Eva Cassidy",1998
536,"George Michael",1988
537,"Barry White",1974
538,"Fleetwood Mac",1975
539,"Herbert Grönemeyer",2002
540,"Live",2001
541,"Iggy Pop",1977
542,"Barbra Streisand",1980
543,"Earth Wind & Fire",1979
544,"Joe Cocker",1975
545,"De Poema's",2001
546,"Air",1999
547,"Pink Floyd",1994
548,"Bruce Springsteen",1987
549,"Bob Dylan",1963
550,"Acda & De Munnik",1998
551,"Fleetwood Mac",1969
552,"Leonard Cohen",1968
553,"ZZ Top",1984
554,"Eagles",1975
555,"Red Hot Chili Peppers",2016
556,"R.E.M.",1992
557,"Don Henley",1985
558,"John Denver",1969
559,"Genesis",1986
560,"Beastie Boys",1994
561,"Crosby, Stills, Nash & Young",1971
562,"Nazareth",1974
563,"Eddie Vedder",2007
564,"George Michael",1986
565,"Van Halen",1984
566,"Cockney Rebel",1973
567,"Eurythmics",1983
568,"Het Goede Doel",1986
569,"Metallica",1998
570,"Bastille",2013
571,"Daniel Lohues",2008
572,"Prince",1987
573,"Adele",2016
574,"Ram Jam",1978
575,"Mike Oldfield",1974
576,"Van Halen",1980
577,"Gorillaz",2005
578,"Metallica",1992
579,"War On Drugs",2014
580,"Leonard Cohen",1988
581,"Status Quo",1975
582,"Edith Piaf",1961
583,"Queen",1977
584,"Eagles",1977
585,"Don McLean",1972
586,"Manic Street Preachers",1992
587,"Bon Jovi",2000
588,"Joe Jackson",1979
589,"Blur",1997
590,"Spandau Ballet",1986
591,"Red Hot Chili Peppers",2003
592,"U2",1989
593,"John Mayer",2006
594,"John Mayer",2006
595,"The Blue Nile",1984
596,"Oasis",1995
597,"Chicago",1976
598,"Kate Bush",1985
599,"Racoon",2011
600,"Gorillaz",2001
601,"Triggerfinger",2012
602,"Joe Jackson",1984
603,"John Mayer",2005
604,"David Bowie",1980
605,"Chi Coltrane",1973
606,"Foo Fighters",2009
607,"Frank Boeijen Groep",1987
608,"Bruno Mars",2016
609,"Anouk",2000
610,"Rammstein",2001
611,"Liquido",1998
612,"Art Garfunkel",1979
613,"ABBA",1975
614,"David Bowie",1983
615,"Chris Rea",1986
616,"Pink Floyd",1973
617,"Michael Jackson",1972
618,"The Alan Parsons Project",1980
619,"Bonnie Tyler",1983
620,"INXS",1988
621,"George Baker Selection",1969
622,"Kate Bush",1985
623,"Cream",1968
624,"Creedence Clearwater Revival",1970
625,"Michael Jackson",1996
626,"Doe Maar",1981
627,"Guus Meeuwis",2009
628,"Fleetwood Mac",1968
629,"David Bowie",1976
630,"Nick Cave",1997
630,"The Bad Seeds",1997
631,"Elvis Presley",1975
632,"Bruce Springsteen",1986
633,"Avicii",2013
634,"ZZ Top",1985
635,"De Dijk",1989
636,"Daniel Lohues",2011
637,"The Kinks",1970
638,"The Beatles",1967
639,"Simone Kleinsma",1995
639,"Paul de Leeuw",1995
640,"Crosby, Stills, Nash & Young",1970
641,"Simple Minds",1985
642,"Mumford & Sons",2012
643,"Fats Domino",1957
644,"Supertramp",1974
645,"Genesis",1978
646,"Blue Öyster Cult",1976
647,"The Who",1969
648,"George Michael",1987
649,"Elvis Presley",1957
650,"Alice In Chains",1992
651,"Prince",1982
652,"The Beatles",1965
653,"Marco Borsato",2006
654,"Alice Cooper",1979
655,"Caro Emerald",2009
656,"Iggy Pop",1976
657,"Phil Collins",1999
658,"Johnny Cash",1969
659,"Simon & Garfunkel",1968
660,"ABBA",1974
661,"Blondie",1978
662,"Typhoon",2014
663,"BAP",1983
664,"UB40",1983
665,"Shocking Blue",1969
666,"Novastar",1999
667,"Racoon",2012
668,"Coldplay",2017
668,"Chainsmokers",2017
669,"Franz Ferdinand",2003
670,"De Poema's",1999
671,"Gé Reinders",1999
672,"Tame Impala",2015
673,"Herman van Veen",1969
674,"Fleetwood Mac",1988
675,"Nits",1987
676,"George Michael",1987
677,"Kings Of Leon",2008
678,"Lou Reed",1973
679,"The Smiths",1986
680,"Simple Minds",1984
681,"Crowded House",1987
682,"Arctic Monkeys",2006
683,"Green Day",2004
684,"The Cats",1971
685,"Golden Earrings",1968
686,"Queen",1979
687,"Live",1995
688,"Rod Stewart",1975
689,"Herman Brood & His Wild Romance",1979
690,"The Cure",1989
691,"2Pac",1998
692,"Queen",1980
693,"Bruce Springsteen",1975
694,"Jimi Hendrix Experience",1969
695,"Carly Simon",1973
696,"Melissa Etheridge",1989
697,"Bløf",2002
698,"Leonard Cohen",2016
699,"Talking Heads",1985
700,"Lana Del Rey",2011
701,"ABBA",1979
702,"Paul Weller",1995
703,"Joe Jackson",1982
704,"Dire Straits",1980
705,"Amy Winehouse",2007
706,"Joe Cocker",1987
707,"Hero",1997
708,"Counting Crows",1994
709,"Tina Turner",1988
709,"David Bowie",1988
710,"Mark Knopfler",2000
711,"Status Quo",1979
712,"Bob Dylan",1964
713,"Paul Simon",1986
714,"George Michael",1991
714,"Elton John",1991
715,"The Beatles",1967
716,"The Killers",2008
717,"Valensia",1993
718,"Don McLean",1972
719,"Tavares",1976
720,"Creedence Clearwater Revival",1968
721,"Boudewijn de Groot",1973
722,"Gilbert O'Sullivan",1971
723,"Foo Fighters",2015
724,"Ten Sharp",1991
725,"Radiohead",1997
726,"The Police",1979
727,"The Beatles",1970
728,"Acda & De Munnik",1997
729,"Steppenwolf",1968
730,"David Bowie",1977
731,"Bon Jovi",1994
732,"Evanescence",2003
733,"First Aid Kit",2014
734,"Madness",1982
735,"Kane",2002
736,"Tina Turner",1966
737,"ABBA",1979
738,"Bløf",2002
739,"Ilse DeLange",2000
740,"Jethro Tull",1972
741,"Ennio Morricone",1968
742,"De Dijk",1982
743,"David Bowie",1972
744,"Venice",1999
745,"Frank Sinatra",1964
746,"Neil Diamond",1976
747,"Eros Ramazzotti",1989
748,"Rowwen Hèze",1996
749,"Armin van Buuren",2015
749,"Kensington",2015
750,"Michael Kiwanuka",2016
751,"André Hazes",1982
752,"Alain Clark",2008
753,"Sade",1984
754,"Temple Of The Dog",1991
755,"Clouseau",1990
756,"Anita Meyer",1981
757,"Alice Cooper",1972
758,"Keane",2004
759,"Coldplay",2002
760,"Paul McCartney & Wings",1974
761,"Carpenters",1973
762,"Bee Gees",1968
763,"Tom Petty",1989
764,"Queen",1976
765,"Tori Amos",1992
766,"Tears For Fears",1985
767,"Donna Summer",1977
768,"Sandy Coast",1981
769,"Elton John",1972
770,"De Dijk",2011
771,"Genesis",1992
772,"Iron Butterfly",1970
773,"The Police",1981
774,"Krezip",2009
775,"Bangles",1989
776,"Survivor",1982
777,"Kansas",1977
778,"Mr. Probz",2013
779,"Andrea Bocelli",1996
780,"Radiohead",1995
781,"The Doors",1967
782,"Coldplay",2015
783,"Pink Floyd",1971
784,"Madonna",1989
785,"Herman van Veen",1969
786,"Elton John",1985
787,"Bryan Adams",1991
788,"The Beatles",1969
789,"Amy Macdonald",2008
790,"Toto",1982
791,"Marco Borsato",2015
792,"Coldplay",2015
793,"Split Enz",1984
794,"Manic Street Preachers",1998
795,"Carole King",1971
796,"John Mayer",2017
797,"Talking Heads",1981
798,"Elton John",1994
799,"Dire Straits",1992
800,"De Dijk",1985
801,"Dusty Springfield",1968
802,"Robbie Williams",1998
803,"3 Doors Down",2004
804,"Rob de Nijs",1977
805,"Guns N' Roses",1991
806,"Green Day",1997
807,"Kensington",2014
808,"Macklemore & Ryan Lewis",2012
809,"Bruce Springsteen",1985
810,"Meat Loaf",1993
811,"Doe Maar",1982
812,"Herman van Veen",1986
813,"Billy Joel",1976
814,"Adele",2008
815,"Nina Simone",1968
816,"Ben E. King",1987
817,"Jimi Hendrix Experience",1968
818,"Jimi Hendrix Experience",1967
819,"Youp van 't Hek",1981
820,"Status Quo",1975
821,"Michael Jackson",1992
822,"Sting",1985
823,"4 Non Blondes",1993
824,"The Rolling Stones",1971
825,"R.E.M.",1987
826,"Marvin Gaye",1969
827,"Kensington",2013
828,"Aretha Franklin",1967
829,"Neet Oét Lottum",2005
830,"David Bowie",1985
830,"Mick Jagger",1985
831,"U2",2013
832,"Duran Duran",1993
833,"Derek & The Dominos",1971
834,"David Bowie",2016
835,"Rob de Nijs",1980
836,"Marvin Gaye",1982
837,"Skunk Anansie",1995
838,"Faith No More",1989
839,"Thin Lizzy",1973
840,"The Doobie Brothers",1972
841,"Avicii",2013
842,"Aretha Franklin",1967
843,"Black Eyed Peas",2009
844,"The Beatles",1967
845,"Katie Melua",2005
846,"Fish",1990
847,"Rick Astley",1987
848,"The Who",1970
849,"Chris De Burgh",1986
850,"Prince",1985
851,"Barry Ryan",1968
852,"Marco Borsato",2003
853,"Fleetwood Mac",1977
854,"The Clash",1979
855,"Led Zeppelin",1970
856,"Karin Bloemen",1996
857,"Eagles",1973
858,"Kraftwerk",1975
859,"David Bowie",1986
860,"John Hiatt",1989
861,"Fleetwood Mac",1987
862,"The Cranberries",1993
863,"Crowded House",1992
864,"Nick Cave",1995
864,"Kylie Minogue",1995
865,"Queen",1977
866,"Smashing Pumpkins",2003
867,"Fischer-Z",1979
868,"Lenny Kravitz",1989
869,"Coldplay",2014
870,"A-Ha",1986
871,"The Righteous Brothers",1965
872,"Ben Howard",2011
873,"The Rolling Stones",1967
874,"Anouk",2009
875,"Robert Long",1977
876,"Talk Talk",1985
877,"Emerson Lake & Palmer",1980
878,"Tina Turner",1989
879,"Madonna",1998
880,"John Farnham",1987
881,"Barbra Streisand",1982
882,"Bob Dylan",1973
883,"Janis Joplin",1970
884,"Black Eyed Peas",2003
885,"Coldplay",2015
886,"Charlie Lownoise",1994
886,"Mental Theo",1994
887,"Creedence Clearwater Revival",1973
888,"Andrea Bocelli",1996
889,"Bløf",2017
889,"Geike",2017
890,"The Beatles",1966
891,"Bruce Springsteen",1985
892,"Elton John",1997
893,"Adele",2009
894,"ABBA",1980
895,"Queen",1975
896,"Lisa Lois",2009
897,"Tears For Fears",1985
898,"Christina Aguilera",2006
899,"Nickelback",2001
900,"Depeche Mode",1985
901,"No Doubt",1996
902,"Moby",1999
903,"Ed Sheeran",2012
904,"Armand",1967
905,"M.A.S.H.",1970
906,"Fools Garden",1996
907,"De Kast",1997
908,"Het Goede Doel",1982
909,"Ten Years After",1971
910,"The Blues Brothers",1989
911,"ABBA",1981
912,"The Black Keys",2011
913,"Sam Smith",2014
914,"Roxy Music",1982
915,"Clannad",1986
916,"Keane",2012
917,"Heart",1977
918,"Queen",1986
919,"David Bowie",1985
920,"Red Hot Chili Peppers",2006
921,"Michael Jackson",1991
922,"Anouk",2005
923,"Van Morrison",1970
924,"Muse",2012
925,"Harry Styles",2017
926,"Golden Earring",1971
927,"The Rolling Stones",1981
928,"Pink",2012
928,"Nate Ruess",2012
929,"Madness",1980
930,"James Taylor",1971
931,"Killing Joke",1985
932,"Tina Turner",1984
933,"UB40",1990
934,"Racoon",2013
935,"Imagine Dragons",2017
936,"Jason Mraz",2012
937,"Foreigner",1977
938,"Seal",1991
939,"Dolly Parton",1983
939,"Kenny Rogers",1983
940,"Amy Winehouse",2007
941,"Typhoon",2015
942,"Stef Bos",1990
943,"Metallica",2008
944,"Dexy's Midnight Runners & The Emerald Express",1982
945,"Bruce Springsteen",2003
946,"The Rolling Stones",1976
947,"Stone Temple Pilots",1993
948,"Nirvana",1994
949,"ABBA",1979
950,"The Rolling Stones",1981
951,"Aretha Franklin",1968
952,"Aretha Franklin",1968
953,"The Moody Blues",1970
954,"Donna Summer",1982
955,"Queen",1989
956,"Ozzy Osbourne",1992
957,"Daft Punk",2000
958,"Bob Marley & The Wailers",1980
959,"Marco Borsato",2002
960,"Red Hot Chili Peppers",1992
961,"Green Day",2009
962,"Supertramp",1979
963,"The Rolling Stones",1968
964,"Queen",1989
965,"David Bowie",1970
966,"The Offspring",1995
967,"Gerry & The Pacemakers",1963
968,"Doe Maar",1982
969,"Nena",2004
969,"Kim Wilde",2004
970,"The Cure",1992
971,"Chicago",1970
972,"Editors",2007
973,"The Rolling Stones",1967
974,"The The",1984
975,"Talk Talk",1984
976,"Dave Brubeck",1962
977,"Bee Gees",1967
978,"2 Unlimited",1993
979,"Douwe Bob",2016
980,"Japan",1980
981,"The Fray",2007
982,"ABBA",1979
983,"Nirvana",1993
984,"Donna Summer",1978
985,"The Hollies",1974
986,"George Harrison",1970
987,"André Hazes",1993
987,"Paul de Leeuw",1993
988,"Bon Jovi",1987
989,"Rowwen Hèze",1999
990,"Duran Duran",1984
991,"Jay Z",2009
991,"Alicia Keys",2009
992,"Simon & Garfunkel",1966
993,"The Beatles",1967
994,"The Beatles",1965
995,"Charles Aznavour",1970
996,"Guus Meeuwis",1995
996,"Vagant",1995
997,"The Black Crowes",1992
998,"Madness",1980
999,"Prince",1984
1000,"The Who",1965
1001,"Cheap Trick",1979
1002,"Train",2001
1003,"Elvis Presley",1972
1004,"Phil Collins",2002
1005,"Heart",1977
1006,"Doe Maar",1982
1007,"Michael Jackson",1983
1008,"Bronski Beat",1984
1009,"Cyndi Lauper",1986
1010,"Live",1999
1011,"Gloria Gaynor",1979
1012,"Simon & Garfunkel",1970
1013,"Acda & De Munnik",2000
1014,"Lucifer",1975
1015,"Bløf",2007
1016,"Red Hot Chili Peppers",1999
1017,"Midnight Oil",1988
1018,"Jacques Brel",1965
1019,"Mariah Carey",1994
1020,"Depeche Mode",1990
1021,"Enya",1988
1022,"Smashing Pumpkins",1996
1023,"Lionel Richie",1984
1024,"David Bowie",1976
1025,"Yes",1972
1026,"The Beatles",1969
1027,"Supertramp",1979
1028,"Pink",2003
1029,"Bryan Adams",1985
1030,"Muse",2009
1031,"The Smiths",1986
1032,"Ilse DeLange",2008
1033,"The Babys",1977
1034,"Nothing But Thieves",2017
1035,"Queens Of The Stone Age",2002
1036,"Zucchero Fornaciari",1996
1037,"Michael Jackson",1987
1038,"Fleetwood Mac",1969
1039,"Enya",2000
1040,"The Beatles",1965
1041,"The Rolling Stones",1978
1042,"Anouk",2004
1043,"Meat Loaf",1977
1044,"The Cats",1968
1045,"Bon Jovi",1986
1046,"Duran Duran",1985
1047,"Sting",1993
1048,"War On Drugs",2014
1049,"Paul Simon",1976
1050,"Guus Meeuwis",2007
1051,"The Script",2013
1052,"Supertramp",1977
1053,"R.E.M.",1992
1054,"Prodigy",1997
1055,"Jimi Hendrix Experience",1967
1056,"Prince",1984
1057,"Simply Red",1989
1058,"Talking Heads",1985
1059,"The Who",1971
1060,"Sniff 'n The Tears",1980
1061,"Nick & Simon",2007
1062,"Marvin Gaye",1973
1063,"Spice Girls",1996
1064,"Moby",1999
1065,"Gigi D'agostino",1999
1066,"Muse",2004
1067,"Pat Benatar",1984
1068,"Veldhuis & Kemper",2003
1069,"Frank Boeijen Groep",1984
1070,"Electric Light Orchestra",1979
1071,"Stevie Wonder",1977
1072,"Tears For Fears",1989
1073,"Queen",1978
1074,"Backstreet Boys",1999
1075,"Creedence Clearwater Revival",1969
1076,"Peter Gabriel",1986
1077,"Prince",1984
1078,"Bachman-Turner Overdrive",1974
1079,"Muse",2009
1080,"Twenty One Pilots",2016
1081,"Sarah Brightman",1997
1081,"Andrea Bocelli",1997
1082,"The Police",1979
1083,"Neil Young",1972
1084,"Snow Patrol",2007
1085,"Simple Minds",1982
1086,"Sam Cooke",1960
1087,"Wham!",1984
1088,"ABBA",1977
1089,"Bryan Adams",1985
1090,"Brainbox",1969
1091,"Michael Jackson",1979
1092,"Doe Maar",1981
1093,"The Cure",1986
1094,"ABBA",1977
1095,"Earth & Fire",1971
1096,"Prodigy",1996
1097,"Rush",1980
1098,"Dolly Parton",1983
1099,"U2",1989
1099,"B.B. King",1989
1100,"The Rolling Stones",1969
1101,"The Beach Boys",1970
1102,"Led Zeppelin",1969
1103,"John Mayer",2006
1104,"Lenny Kravitz",1993
1105,"George Michael",1990
1106,"Otis Redding",1968
1107,"Keane",2004
1108,"Red Hot Chili Peppers",2002
1109,"Limp Bizkit",2003
1110,"Ramones",1976
1111,"Is Ook Schitterend",1997
1112,"De Jeugd Van Tegenwoordig",2005
1113,"Outkast",2004
1114,"The Trammps",1977
1115,"10CC",1974
1116,"Extreme",1991
1117,"Drs. P",1974
1118,"Yes",1972
1119,"Maarten van Roozendaal",2001
1120,"Joe Cocker",1997
1121,"Alanis Morissette",1995
1122,"Mike Oldfield",1983
1122,"Maggie Reilly",1983
1123,"Sam Cooke",1964
1124,"The Doobie Brothers",1978
1125,"REO Speedwagon",1981
1126,"Kim Wilde",1981
1127,"The Shadows",1960
1128,"The Clash",1982
1129,"Phil Collins",1990
1130,"Kodaline",2012
1131,"Xavier Rudd",2016
1132,"The Cure",1985
1133,"Muddy Waters",1988
1134,"Alan Walker",2016
1135,"Calum Scott",2016
1136,"The Beatles",1967
1137,"Stromae",2010
1138,"Elvis Presley",1956
1139,"Bush",1996
1140,"Cock Robin",1986
1141,"Snow Patrol",2009
1142,"Cuby & The Blizzards",1969
1143,"Adele",2016
1144,"Soft Cell",1981
1145,"Paul McCartney",1985
1145,"The Frog Chorus",1985
1146,"Rene Klijn",1993
1147,"Chris Rea",1985
1148,"U2",2004
1149,"Ralph McTell",1972
1150,"De Dijk",1989
1151,"Nits",1983
1152,"Percy Sledge",1966
1153,"Spinvis",2012
1154,"Bee Gees",1975
1155,"Portishead",1994
1156,"Daft Punk",2001
1157,"Peter Gabriel",1980
1158,"Tom Petty",1993
1159,"Adele",2011
1160,"Emerson Lake & Palmer",1971
1161,"Manu Chao",2000
1162,"Herman van Veen",1984
1163,"Dire Straits",1985
1164,"Skunk Anansie",1997
1165,"Mumford & Sons",2012
1166,"Michael Andrews",2002
1166,"Gary Jules",2002
1167,"Lange Frans",2010
1167,"Thé Lau",2010
1168,"The Doors",1969
1169,"Bruce Springsteen",2002
1170,"David Bowie",1971
1171,"Martin Garrix",2013
1172,"Q65",1966
1173,"Acda & De Munnik",1997
1174,"Ed Sheeran",2012
1175,"The Rolling Stones",1969
1176,"Poppys",1971
1177,"Bruno Mars",2013
1178,"Imagine Dragons",2017
1179,"Faithless",2001
1180,"Arctic Monkeys",2006
1181,"Scott McKenzie",1967
1182,"Spandau Ballet",1983
1183,"Queen",1985
1184,"Alderliefste",2006
1184,"Paul de Leeuw",2006
1185,"The Beach Boys",1966
1186,"Kings Of Leon",2010
1187,"Barbra Streisand",1983
1188,"Foo Fighters",2002
1189,"David Guetta",2011
1189,"Sia",2011
1190,"Iggy Pop",1990
1190,"Kate Pierson",1990
1191,"Roberta Flack",1972
1192,"Band Aid",1984
1193,"The Buoys",1972
1194,"ABBA",1975
1195,"Coldplay",2005
1196,"2Pac",1998
1197,"Coldplay",2005
1198,"Creedence Clearwater Revival",1969
1199,"Bee Gees",1979
1200,"Mike & The Mechanics",1989
1201,"The Hollies",1969
1202,"Marco Borsato",1996
1203,"Beth Hart",1999
1204,"Bee Gees",1969
1205,"The Beatles",1967
1206,"Lee Towers",1976
1207,"James Taylor",1970
1208,"Clannad",1983
1209,"Imagine Dragons",2013
1210,"Marc Cohn",1991
1211,"Within Temptation",2011
1212,"Frans Halsema",1977
1212,"Jenny Arean",1977
1213,"Daft Punk",1997
1214,"Tiesto",2003
1215,"Joni Mitchell",1967
1216,"Justin Bieber",2015
1217,"Gavin James",2015
1218,"The Cats",1969
1219,"Cuby & The Blizzards",1967
1220,"Electric Light Orchestra",1976
1221,"Jeroen van Koningsbrugge",2015
1222,"Madonna",1986
1223,"Rufus Wainwright",2007
1224,"Stealers Wheel",1973
1225,"Traveling Wilburys",1988
1226,"James Brown",1966
1227,"Gorki",1992
1228,"Normaal",1977
1229,"Alannah Myles",1990
1230,"Robert Plant",1983
1231,"Bee Gees",1978
1232,"Guus Meeuwis",2005
1233,"Elvis Presley",1972
1234,"Roxette",1988
1235,"Rod Stewart",1971
1236,"Beyoncé",2007
1237,"David Bowie",1973
1238,"Pearl Jam",1993
1239,"Joe Bonamassa",2011
1240,"R.E.M.",1991
1241,"The Beatles",1967
1242,"Blaudzun",2014
1243,"Céline Dion",1998
1244,"Lange Frans",2005
1244,"Baas B",2005
1245,"Owl City",2009
1246,"Al Jarreau",1982
1247,"Linkin Park",2016
1248,"Level 42",1986
1249,"Curtis Mayfield",1971
1250,"Marianne Rosenberg",1976
1251,"Emeli Sandé",2012
1252,"Al Green",1971
1253,"Muse",2015
1254,"Bonnie Raitt",1991
1255,"Coldplay",2011
1256,"Creedence Clearwater Revival",1970
1257,"Niall Horan",2016
1258,"Mr. Mister",1986
1259,"Marco Borsato",1996
1260,"Michael Jackson",1979
1261,"Michael Bublé",2004
1262,"The Killers",2004
1263,"John Denver",1975
1264,"Janis Joplin",1971
1265,"Jonathan Jeremiah",2011
1266,"Meat Loaf",1979
1267,"Spinvis",2002
1268,"Tame Impala",2015
1269,"Anouk",2015
1269,"Douwe Bob",2015
1270,"Gladys Knight & The Pips",1973
1271,"De Dijk",2000
1272,"Little River Band",1976
1273,"Tom Petty",1980
1274,"J.J. Cale",1972
1275,"Stereophonics",2003
1276,"Brainbox",1969
1277,"Boudewijn de Groot",1967
1278,"Tom Petty",1991
1279,"Anouk",2005
1280,"Barbra Streisand",1973
1281,"Coolio ft. L.V.",1995
1282,"Elbow",2016
1283,"Bløf",1998
1284,"Sammy Davis Jr.",1972
1285,"Rowwen Hèze",1995
1286,"Pink",2010
1287,"Frank Sinatra",1965
1288,"Ramses Shaffy",1966
1289,"Arctic Monkeys",2007
1290,"Bob Dylan",1966
1291,"Golden Earring",1970
1292,"UB40",1980
1293,"Bill Withers",1978
1294,"Het Goede Doel",1983
1295,"Paul McCartney",1977
1295,"Wings",1977
1296,"The Alan Parsons Project",1984
1297,"The Kinks",1980
1298,"Justin Timberlake",2013
1299,"James Brown",1970
1300,"Stevie Wonder",1976
1301,"Foo Fighters",2002
1302,"Patti Smith Group",1978
1303,"Electric Light Orchestra",1975
1304,"Dotan",2015
1305,"Patrick Bruel",1992
1306,"Placebo",1999
1307,"Bløf",2007
1308,"Kane",1999
1309,"James Blunt",2005
1310,"Bastille",2013
1311,"Joe Cocker",1986
1312,"Fink",2014
1313,"Smash Mouth",1999
1314,"Dubliners",1964
1315,"The Rolling Stones",1966
1316,"Saybia",2002
1317,"Mark Knopfler",2000
1317,"James Taylor",2000
1318,"Chic",1978
1319,"Di-Rect",2009
1320,"James Blunt",2005
1321,"Barry Manilow",1974
1322,"3JS",2008
1323,"David Bowie",1975
1324,"Status Quo",1977
1325,"Oasis",1994
1326,"The Beach Boys",1966
1327,"Bee Gees",1967
1328,"Supertramp",1974
1329,"Youssou N'Dour",1994
1329,"Neneh Cherry",1994
1330,"Ellen Foley",1979
1331,"Live",2000
1332,"Nina Simone",1965
1333,"Paul McCartney",1973
1333,"Wings",1973
1334,"Sting",1985
1335,"Sia",2016
1336,"Doe Maar",1983
1337,"Earth & Fire",1971
1338,"Canned Heat",1968
1339,"Johnny Cash",1969
1340,"The Communards",1986
1341,"Maggie MacNeal",1976
1342,"John Mayer",2010
1343,"Coldplay",2016
1344,"Bruno Mars",2010
1345,"Herbert Grönemeyer",2004
1346,"Louis Fonsi",2017
1346,"Daddy Yankee",2017
1347,"Gregory Porter",2015
1348,"Elvis Presley",1972
1349,"The Rolling Stones",1965
1350,"Damien Rice",2004
1351,"John Lennon",1970
1352,"J.J. Cale",1971
1353,"Whitney Houston",1988
1354,"Barbra Streisand",1997
1354,"Céline Dion",1997
1355,"Bob Marley & The Wailers",1979
1356,"Spinvis",2002
1357,"Chris Isaak",1987
1358,"Willie Nelson",1984
1359,"Editors",2013
1360,"Thin Lizzy",1976
1361,"Michael Jackson",1996
1362,"Roy Orbison",1963
1363,"Maroon 5",2004
1364,"Lorde",2013
1365,"House Of Pain",1992
1366,"Marco Borsato",1998
1367,"Tanita Tikaram",1988
1368,"Steve Miller Band",1976
1369,"Santana",1977
1370,"Yes",1971
1371,"Elton John",1971
1372,"Macklemore & Ryan Lewis",2013
1373,"Deep Purple",1970
1374,"Counting Crows",1996
1375,"Sex Pistols",1977
1376,"Frankie Goes To Hollywood",1984
1377,"R.E.M.",1987
1378,"Al Stewart",1977
1379,"Jeff Wayne",1978
1379,"Justin Hayward",1978
1380,"Jason Mraz",2008
1381,"Metallica",2008
1382,"The Rolling Stones",1966
1383,"Blink 182",1999
1384,"Santa Esmeralda",1977
1385,"Barbra Streisand",1980
1386,"Bruce Springsteen",1980
1387,"David Sylvian",1983
1388,"Paul Kalkbrenner",2008
1389,"Eva Cassidy",1998
1390,"Peter Sarstedt",1969
1391,"Coldplay",2002
1392,"Madonna",1990
1393,"Stevie Wonder",1977
1394,"Focus",1972
1395,"Therapy?",1995
1396,"Coldplay",2002
1397,"Green Day",2005
1398,"Bastille",2016
1399,"J.J. Cale",1973
1400,"Peter Frampton",1976
1401,"Toto",1988
1402,"Linkin Park",2003
1403,"Zager & Evans",1969
1404,"Fleetwood Mac",1987
1405,"Nina Simone",1987
1406,"Aerosmith",1989
1407,"Neil Diamond",1979
1408,"Scorpions",1991
1409,"U2",1988
1410,"Bette Midler",1984
1411,"Alphaville",1984
1412,"The Doors",1971
1413,"Marco Borsato",1999
1414,"Elvis Presley",1960
1415,"Beyoncé",2008
1416,"Melanie",1969
1417,"Vandenberg",1983
1418,"The B-52's",1989
1419,"Bruce Springsteen",1992
1420,"Waylon",2009
1421,"John Denver",1981
1422,"Dan Hartman",1980
1423,"John Legend",2005
1424,"Labi Siffre",1987
1425,"Matthias Reim",1990
1426,"Rare Earth",1970
1427,"Twenty One Pilots",2016
1428,"Cat Stevens",1970
1429,"Snowy White",1984
1430,"Earth & Fire",1972
1431,"Muse",2001
1432,"Ilse DeLange",2008
1433,"Backstreet Boys",1997
1434,"Blind Melon",1993
1435,"Elvis Presley",1972
1436,"Lady Antebellum",2010
1437,"Don Henley",1989
1438,"Bruce Hornsby & The Range",1986
1439,"Gilbert Becaud",1964
1440,"Monty Python",1981
1441,"Kiss",1979
1442,"Foster The People",2011
1443,"Michel Sardou",1982
1444,"Amanda Marshall",1995
1445,"Eminem",2002
1446,"Bee Gees",1987
1447,"James Bay",2015
1448,"Eels",1996
1449,"Kaiser Chiefs",2007
1450,"The Script",2012
1450,"Will.i.am",2012
1451,"Claw Boys Claw",1992
1452,"Stromae",2013
1453,"De Dijk",2008
1454,"Chef'Special",2017
1455,"The Doors",1970
1456,"PHD",1981
1457,"Walk The Moon",2014
1458,"Steve Miller Band",1973
1459,"Pet Shop Boys",1987
1460,"Jean Michel Jarre",1977
1461,"Charlie Daniels Band",1979
1462,"Annie Lennox",1992
1463,"George Michael",1997
1464,"Beastie Boys",1998
1465,"Fatboy Slim",1998
1466,"ABBA",1981
1467,"Janis Ian",1975
1468,"Genesis",1991
1469,"The Kinks",1967
1470,"Simon & Garfunkel",1970
1471,"Dr. Hook",1972
1472,"Bomfunk MC's",2000
1473,"Santana",1999
1473,"Rob Thomas",1999
1474,"Jeff Wayne",1978
1474,"Justin Hayward",1978
1475,"Earth & Fire",1979
1476,"Crowded House",1989
1477,"The Verve",1997
1478,"Foo Fighters",2009
1479,"Marco Borsato",1998
1480,"Counting Crows",1993
1481,"Manfred Mann's Earth Band",1976
1482,"James Bay",2014
1483,"Ed Sheeran",2014
1484,"Tim Hardin",1967
1485,"Barry White",1976
1486,"U2",2000
1487,"Mud",1974
1488,"Melissa Etheridge",1993
1489,"Crowded House",1992
1490,"Living Colour",1990
1491,"Crash Test Dummies",1994
1492,"The Script",2008
1493,"The Beatles",1966
1494,"Otis Redding",1966
1495,"Cyndi Lauper",1984
1496,"The Doobie Brothers",1973
1497,"De Kast",1999
1498,"Mgmt",2008
1499,"Roger Glover & Guests",1975
1500,"Frank Sinatra",1980
1501,"The Doors",1967
1502,"U2",2004
1503,"Michael Jackson",1979
1504,"Dua Lipa",2016
1505,"Mink DeVille",1977
1506,"Rob de Nijs",1996
1507,"Jim Croce",1974
1508,"Toto",1988
1509,"Vitesse",1982
1510,"Lukas Graham",2015
1511,"Adele",2011
1512,"Muse",2004
1513,"The Cars",1984
1514,"Beastie Boys",1987
1515,"Lady Gaga",2009
1516,"U2",2004
1517,"Michael Jackson",1983
1518,"Sex Pistols",1977
1519,"Paul de Leeuw",1992
1520,"Black",1987
1521,"ABBA",1979
1522,"Alanis Morissette",1998
1523,"Simply Red",1995
1524,"The Temper Trap",2009
1525,"Pet Shop Boys",1986
1526,"Saybia",2002
1527,"Of Monsters And Men",2012
1528,"Toontje Lager",1983
1529,"Sandy Coast",1971
1530,"Barbra Streisand",1978
1530,"Neil Diamond",1978
1531,"ABBA",1977
1532,"Anouk",2009
1533,"Randy Crawford",1980
1534,"The Cure",1985
1535,"Coldplay",2009
1536,"The Allman Brothers Band",1976
1537,"Beyoncé",2011
1538,"Shawn Mendes",2016
1539,"Ultravox",1984
1540,"Saybia",2004
1541,"One Republic",2013
1542,"Creedence Clearwater Revival",1969
1543,"Billy Joel",1977
1544,"Johnny Cash",1972
1545,"Michael Jackson",1993
1546,"Gossip",2009
1547,"Coldplay",2002
1548,"Frank Boeijen Groep",1987
1549,"Elton John",1976
1550,"Alice In Chains",1992
1551,"Ilse DeLange",1998
1552,"The Rolling Stones",1964
1553,"Paul Simon",1975
1554,"The Black Keys",2011
1555,"Whitney Houston",1987
1556,"Van Halen",1987
1557,"Steely Dan",1972
1558,"Zucchero Fornaciari",1988
1558,"Paul Young",1988
1559,"Carpenters",1970
1560,"Anouk",1999
1561,"Tom Petty",1990
1562,"Tom Petty",1992
1563,"Sade",1992
1564,"The Sweet",1975
1565,"Paolo Nutini",2006
1566,"Dido",2003
1567,"Cockney Rebel",1975
1567,"Steve Harley",1975
1568,"Ella Fitzgerald",1957
1568,"Louis Armstrong",1957
1569,"Keane",2005
1570,"Richard Harris",1968
1571,"Rob de Nijs",1975
1572,"DC Lewis",1970
1573,"Neil Diamond",1980
1574,"Dr. Dre",1996
1574,"2Pac",1996
1575,"Crosby, Stills, Nash & Young",1970
1576,"The Rolling Stones",1965
1577,"Justin Timberlake",2002
1578,"Pixies",1989
1579,"Supertramp",1979
1580,"Yazoo",1982
1581,"Arcade Fire",2013
1582,"Eurythmics",1985
1583,"Bruce Springsteen",1987
1584,"Paul Simon",1980
1585,"White Lies",2009
1586,"The Byrds",1965
1587,"U2",2006
1587,"Green Day",2006
1588,"Foreigner",1985
1589,"The Cats",1969
1590,"Michael Jackson",1983
1591,"Herman Brood & His Wild Romance",1978
1592,"Nick & Simon",2007
1593,"The Beatles",1964
1594,"Propaganda",1985
1595,"Kane",2009
1596,"Brian May",1992
1597,"Matt Simons",2014
1598,"Robert Miles",1996
1599,"Grace Jones",1977
1600,"Frankie Goes To Hollywood",1984
1601,"Kovacs",2015
1602,"Shirley Bassey",1979
1603,"Stereophonics",2005
1604,"Coldplay",2008
1605,"Marco Borsato",1994
1606,"Beyoncé",2008
1607,"The Monkees",1966
1608,"Nielson",2014
1609,"Smashing Pumpkins",1995
1610,"Aerosmith",1993
1611,"Rowwen Hèze",1992
1612,"Phil Collins",1982
1613,"The Who",1969
1614,"Ray Charles",1960
1615,"America",1972
1616,"Dire Straits",1985
1617,"ABBA",1975
1618,"Jamiroquai",1996
1619,"Reinhard Mey",1974
1620,"Mumford & Sons",2013
1621,"Steely Dan",1973
1622,"Whitney Houston",1986
1623,"The Police",1980
1624,"Sugarhill Gang",1979
1625,"Prince",1991
1626,"Patrick Hernandez",1979
1627,"Kenny B.",2015
1628,"Bob Marley & The Wailers",1984
1629,"A Balladeer",2006
1630,"Boudewijn de Groot",1968
1631,"Fugees",1996
1632,"Cream",1968
1633,"Birdy",2011
1634,"The Black Crowes",1990
1635,"The Cranberries",1995
1636,"Kensington",2015
1637,"Billy Joel",1979
1638,"Eric Clapton",1985
1639,"Jewel",1997
1640,"Van Morrison",1970
1641,"Run DMC",1986
1641,"Aerosmith",1986
1642,"The Human League",1982
1643,"Jeff Buckley",1994
1644,"Ilse DeLange",1998
1645,"Lady Gaga",2009
1646,"Wet Wet Wet",1994
1647,"Led Zeppelin",1971
1648,"Family Of The Year",2014
1649,"Elvis Presley",1963
1650,"Green Day",1995
1651,"Katy Perry",2013
1652,"Billy Idol",1984
1653,"Norah Jones",2004
1654,"Queens Of The Stone Age",2013
1655,"INXS",1984
1656,"Nina Hagen",1979
1657,"Bon Jovi",1993
1658,"Taylor Swift",2014
1659,"Madonna",1987
1660,"Queen",1996
1661,"Cliff Richard & The Young Ones",1986
1662,"Toto",1986
1663,"Philip Bailey",1985
1663,"Phil Collins",1985
1664,"The Chemical Brothers",2005
1665,"The Beatles",1963
1666,"Hans de Booij",1983
1667,"Level 42",1981
1668,"Eminem",2000
1669,"The Mamas & The Papas",1966
1670,"Michael Jackson",2014
1670,"Justin Timberlake",2014
1671,"Joe Jackson",1982
1672,"Lou Reed",1974
1673,"Level 42",1987
1674,"Bökkers",2016
1675,"Eminem",2002
1676,"Robbie Williams",2001
1677,"Carpenters",1973
1678,"Neil Diamond",1971
1679,"Wings",1977
1680,"Boston",1978
1681,"Prodigy",1994
1682,"Thin Lizzy",1974
1683,"UK",1979
1684,"Andre Hazes Jr.",2016
1685,"The Kinks",1966
1686,"George Ezra",2014
1687,"Beck",1994
1688,"Genesis",1986
1689,"Ed Sheeran",2017
1690,"George Michael",1999
1690,"Mary J Blige",1999
1691,"Tom Waits",1976
1692,"The Smiths",1984
1693,"The Robert Cray Band",1987
1694,"Duncan Browne",1979
1695,"Buffalo Springfield",1967
1696,"Young Gun Silver Fox",2016
1697,"Daft Punk",2016
1698,"Bob Dylan",1966
1699,"Marilyn Manson",1996
1700,"Bee Gees",1969
1701,"Coldplay",2011
1702,"Blondie",1979
1703,"The Beatles",1964
1704,"Mecano",1990
1705,"Editors",2015
1706,"Reinhard Mey",1975
1707,"Michael Kiwanuka",2016
1708,"David Bowie",1975
1709,"ABC",1982
1710,"Roxy Music",1976
1711,"Clouseau",1990
1712,"Jefferson Airplane",1970
1713,"The Clash",1980
1714,"Spider Murphy Gang",1982
1715,"Nothing But Thieves",2017
1716,"U2",2001
1717,"U2",2009
1718,"Roxy Music",1972
1719,"Frank Zappa",1979
1720,"Leonard Cohen",1971
1721,"The Isley Brothers",1973
1722,"Bad Company",1975
1723,"The Jam",1980
1724,"Barry McGuire",1965
1725,"Robert Long",1974
1726,"Frank Sinatra",1956
1727,"Elbow",2008
1728,"Jacques Brel",1961
1729,"Weather Girls",1983
1730,"Elton John",1994
1731,"Simply Red",1991
1732,"Justin Bieber",2015
1733,"Roxette",1990
1734,"The Script",2014
1735,"Neil Young",1972
1736,"Billy Idol",1982
1737,"Genesis",1992
1738,"Matt Simons",2013
1739,"Bryan Ferry",1976
1740,"The Beatles",1965
1741,"Keane",2005
1742,"Rihanna",2012
1743,"Coldplay",2006
1744,"Jett Rebel",2014
1745,"The Chemical Brothers",1999
1746,"Them",1967
1747,"Counting Crows",2004
1748,"Otis Redding",1965
1749,"Coldplay",2008
1750,"Niels Geusebroek",2013
1751,"The Police",1979
1752,"Bruno Mars",2010
1753,"Michael Kiwanuka",2012
1754,"Deep Purple",1973
1755,"INXS",1987
1756,"The Beatles",1970
1757,"Stef Bos",1992
1758,"André Hazes",1981
1759,"Phil Lynott",1982
1760,"Paul Young",1984
1761,"Bruce Springsteen",2008
1762,"Billy Joel",1989
1763,"Kaiser Chiefs",2005
1764,"Haevn",2015
1765,"China Crisis",1984
1766,"Gnarls Barkley",2006
1767,"The Rolling Stones",1978
1768,"Shawn Mendes",2015
1769,"Eagles",1972
1770,"Smashing Pumpkins",1995
1771,"The Beatles",1967
1772,"Billy Joel",1983
1773,"Robbie Williams",1999
1774,"Nena",1983
1775,"A-Ha",1986
1776,"Boney M",1978
1777,"Jamiroquai",2005
1778,"Rihanna",2013
1778,"Mikky Ekko",2013
1779,"Bløf",2007
1780,"Robert Palmer",1978
1781,"Lenny Kravitz",1991
1782,"Roy Orbison",1964
1783,"Mr. Probz",2014
1784,"Beyoncé",2011
1785,"The Beatles",1963
1786,"Kayak",1977
1787,"Tröckener Kecks",1990
1788,"Sam Smith",2015
1789,"Boudewijn de Groot",1965
1790,"Deus",1994
1791,"Frank Sinatra",1966
1792,"Steely Dan",1974
1793,"Neil Diamond",1972
1794,"Twarres",2000
1795,"Pet Shop Boys",1993
1796,"Haddaway",1992
1797,"Led Zeppelin",1971
1798,"Enigma",1990
1799,"Martin Garrix",2016
1799,"Bebe Rexha",2016
1800,"Sade",1985
1801,"Michael Bublé",2004
1802,"Elton John",1973
1803,"Laura Pausini",1993
1804,"André Hazes",1980
1805,"ABBA",1980
1806,"Plain White T's",2007
1807,"The Beatles",1966
1808,"The Cats",1968
1809,"Santana",1971
1810,"Heart",1976
1811,"Jon & Vangelis",1982
1812,"Golden Earring",1968
1813,"Tom Petty",1989
1814,"Bløf",2014
1815,"Commodores",1978
1816,"Tom Jones",1966
1817,"Roxy Music",1981
1818,"Aerosmith",1993
1819,"Arcade Fire",2010
1820,"The Moody Blues",1968
1821,"K's Choice",1998
1822,"Small Faces",1968
1823,"Eagles",1972
1824,"Raymond Van Het Groenewoud",1980
1825,"Marco Borsato",1994
1826,"Johan",2001
1827,"Berlin",1986
1828,"Norah Jones",2002
1829,"Radiohead",1995
1830,"The Jackson Five",1970
1831,"Marvin Gaye",1967
1831,"Tammi Terrell",1967
1832,"INXS",1990
1833,"Joe Cocker",1982
1833,"Jennifer Warnes",1982
1834,"Golden Earring",1979
1835,"Elvis",2002
1835,"JXL",2002
1836,"Tears For Fears",1982
1837,"Douwe Bob",2016
1838,"2 Brothers On The 4th Floor",1993
1839,"Bee Gees",1967
1840,"James Arthur",2016
1841,"Bette Midler",1988
1842,"The Kinks",1964
1843,"Bad English",1991
1843,"John Waite",1991
1844,"Earth & Fire",1970
1845,"Queens Of The Stone Age",2005
1846,"Ekseption",1969
1847,"Neil Young",1970
1848,"Adamski",1990
1849,"Chicago",1985
1850,"Buddy Holly",1957
1851,"Kid Rock",2008
1852,"Spandau Ballet",1983
1853,"J.J. Cale",1973
1854,"Bløf",2000
1855,"Armin van Buuren",2017
1855,"Josh Cumbee",2017
1856,"André Hazes",1980
1857,"Boudewijn de Groot",1972
1858,"Michael Jackson",1982
1859,"Pink Floyd",1967
1860,"Status Quo",1986
1861,"Van Dik Hout",1994
1862,"Procol Harum",1967
1863,"Simply Red",2003
1864,"Rod Stewart",1977
1865,"Snow Patrol",2006
1865,"Martha Wainright",2006
1866,"Macklemore & Ryan Lewis",2013
1867,"Bruno Mars",2013
1868,"Billy Joel",1978
1869,"Queen",1995
1870,"Joy Division",1980
1871,"Orchestral Manoeuvres In The Dark",1980
1872,"Herman van Veen",1987
1873,"Bram Vermeulen",1991
1874,"Tom Odell",2013
1875,"Causes",2014
1876,"Magna Carta",1973
1877,"Kaleo",2016
1878,"Marco Borsato",2004
1878,"Ali B",2004
1879,"John Denver",1975
1880,"Passenger",2013
1881,"Bill Medley",1987
1881,"Jennifer Warnes",1987
1882,"The Beatles",1968
1883,"Van Morrison",1979
1884,"The Rolling Stones",1966
1885,"Icehouse",1987
1886,"Wild Cherry",1976
1887,"Bløf",2011
1888,"Womack & Womack",1988
1889,"Tina Turner",1974
1890,"Manfred Mann's Earth Band",1978
1891,"Wham!",1983
1892,"The Script",2014
1893,"Stevie Wonder",1976
1894,"UB40",1985
1894,"Chrissie Hynde",1985
1895,"The Beatles",1965
1896,"Ramses Shaffy",1975
1897,"The Beatles",1966
1898,"Slade",1973
1899,"Bruno Mars",2012
1900,"U2",1991
1901,"Joe Jackson",1982
1902,"Eagles",1979
1903,"Natalie Imbruglia",1997
1904,"Fleetwood Mac",1978
1905,"Florence + The Machine",2009
1906,"Anouk",1998
1907,"The Rolling Stones",1974
1908,"Kanye West",2011
1908,"Jay Z",2011
1909,"Nirvana",1993
1910,"Sam Smith",2014
1911,"Phil Collins",1990
1912,"Heart",1990
1913,"LP",2016
1914,"Dire Straits",1978
1915,"Madonna",1986
1916,"The Cure",1989
1917,"Michael Prins",2013
1918,"The Sweet",1973
1919,"The Babys",1978
1920,"Cyndi Lauper",1984
1921,"Bruce Springsteen",1995
1922,"Stealers Wheel",1973
1923,"The Rolling Stones",1971
1924,"Simon & Garfunkel",1966
1925,"De Dijk",2012
1926,"The Boomtown Rats",1979
1927,"Jim Croce",1975
1928,"Birdy",2011
1929,"Michael Jackson",1987
1930,"Baz Luhrman",1999
1931,"Enrique Iglesias",2001
1932,"Loreen",2012
1933,"Ramones",1980
1934,"Elvis Costello",1981
1935,"Racoon",2006
1936,"John Lennon",1981
1937,"City To City",1999
1938,"Bløf",2001
1939,"Fleetwood Mac",1968
1940,"Kate Bush",1980
1941,"Beastie Boys",1987
1942,"Michael Bublé",2007
1943,"Ekseption",1969
1944,"Aretha Franklin",1987
1944,"George Michael",1987
1945,"Pink Floyd",1971
1946,"Golden Earring",1976
1947,"Beyoncé",2002
1947,"Jay Z",2002
1948,"The Walker Brothers",1976
1949,"Donovan",1969
1950,"The Who",1971
1951,"Nirvana",1993
1952,"Elvis Presley",1956
1953,"Bruce Springsteen",1975
1954,"Billy Paul",1973
1955,"Diesel",1980
1956,"T'Pau",1987
1957,"Metallica",1997
1958,"Jeff Buckley",1994
1959,"Benny Neyman",1985
1960,"Guus Meeuwis",2007
1961,"Suzanne Vega",1987
1962,"Portugal. The Man",2017
1963,"George Baker Selection",1975
1964,"Golden Earrings",1967
1965,"Avicii",2014
1966,"Pulp",1995
1967,"Katy Perry",2017
1967,"Skip Marley",2017
1968,"Florence + The Machine",2015
1969,"Hot Chocolate",1974
1970,"Björk",1993
1971,"Bob Seger & The Silver Bullet Band",1980
1972,"Crosby, Stills & Nash",1969
1973,"Herman Brood & His Wild Romance",1980
1974,"Prince",1987
1975,"Zucchero Fornaciari",1986
1976,"Bob Dylan",1969
1977,"Tracy Chapman",1988
1978,"Blackstreet",1996
1978,"Dr. Dre",1996
1979,"Imagine Dragons",2017
1980,"Daniel Lohues",2014
1981,"Axwell Λ Ingrosso",2015
1982,"Kraftwerk",1978
1983,"The Monkees",1967
1984,"One Direction",2013
1985,"Maroon 5",2015
1986,"USA For Africa",1985
1987,"The Beatles",1967
1988,"Earth Wind & Fire",1979
1989,"The Doors",1971
1990,"The Rolling Stones",1965
1991,"Het Goede Doel",1983
1992,"Eagle Eye Cherry",1998
1993,"Bob Marley & The Wailers",1973
1994,"The Rolling Stones",1976
1995,"Prince",1983
1996,"Sam & Dave",1967
1997,"Stone Roses",1990
1998,"Ronan Keating",1999
1999,"Amy Macdonald",2008
2000,"Chaka Khan",1979
