"rank","title","artist","releaseYear"
1,"Bohemian Rhapsody","Queen",1975
2,"Hotel California","Eagles",1977
3,"Stairway To Heaven","Led Zeppelin",1971
4,"Piano Man","Billy Joel",1974
5,"Child In Time","Deep Purple",1972
6,"Black","Pearl Jam",1991
7,"Wish You Were Here","Pink Floyd",1975
8,"Fix You","Coldplay",2005
9,"Avond","Boudewijn de Groot",1997
10,"November Rain","Guns N' Roses",1992
11,"Heroes","David Bowie",1977
12,"Comfortably Numb","Pink Floyd",1979
13,"Thunderstruck","AC/DC",1990
14,"Mag Ik Dan Bij Jou","Claudia de Breij",2011
15,"Nothing Else Matters","Metallica",1992
16,"Imagine","John Lennon",1971
17,"Brothers In Arms","Dire Straits",1985
18,"Purple Rain","Prince & The Revolution",1984
19,"The River","Bruce Springsteen",1981
20,"Hurt","Johnny Cash",2003
21,"Radar Love","Golden Earring",1973
22,"Shine On You Crazy Diamond","Pink Floyd",1975
23,"One","Metallica",1994
24,"Oceaan","Racoon",2012
25,"Africa","Toto",1982
26,"Sultans Of Swing","Dire Straits",1978
27,"Paradise By The Dashboard Light","Meat Loaf",1978
28,"The Sound Of Silence","Simon & Garfunkel",1966
29,"God Only Knows","The Beach Boys",1966
30,"Just Breathe","Pearl Jam",2009
31,"Viva La Vida","Coldplay",2009
32,"One","U2",1992
33,"Go Your Own Way","Fleetwood Mac",1977
34,"Smells Like Teen Spirit","Nirvana",1991
35,"Old And Wise","The Alan Parsons Project",1982
36,"Sweet Child O' Mine","Guns N' Roses",1988
37,"Alive","Pearl Jam",1992
38,"Innuendo","Queen",1991
39,"The Scientist","Coldplay",2002
40,"In The End","Linkin Park",2001
41,"With Or Without You","U2",1987
42,"A Forest","The Cure",1980
43,"Highway To Hell","AC/DC",1979
44,"School","Supertramp",1974
45,"Over De Muur","Klein Orkest",1984
46,"Clocks","Coldplay",2003
47,"Sunday Bloody Sunday","U2",1985
48,"In The Air Tonight","Phil Collins",1981
49,"Riders On The Storm","The Doors",1971
50,"Brabant","Guus Meeuwis",2004
51,"Sympathy For The Devil","The Rolling Stones",1973
52,"Iron Sky","Paolo Nutini",2014
53,"Telegraph Road","Dire Straits",1982
54,"The Sound Of Silence","Disturbed",2016
55,"Mr. Blue Sky","Electric Light Orchestra",1978
56,"Under The Bridge","Red Hot Chili Peppers",1992
57,"Back To Black","Amy Winehouse",2006
58,"Bridge Over Troubled Water","Simon & Garfunkel",1970
59,"Whole Lotta Rosie","AC/DC",1978
60,"Sorry","Kensington",2016
61,"Hey Jude","The Beatles",1968
62,"Het Dorp","Wim Sonneveld",1974
63,"Enter Sandman","Metallica",1991
64,"Killing In The Name Of","Rage Against The Machine",1992
65,"Creep","Radiohead",1993
66,"Somebody To Love","Queen",1976
67,"Paint It Black","The Rolling Stones",1966
68,"Angels","Robbie Williams",1998
69,"Private Investigations","Dire Straits",1982
70,"Angie","The Rolling Stones",1973
71,"Where The Streets Have No Name","U2",1987
72,"Love Of My Life","Queen",1975
73,"Losing My Religion","R.E.M.",1991
74,"(Sittin' On) The Dock Of The Bay","Otis Redding",1968
75,"Tears In Heaven","Eric Clapton",1992
76,"Space Oddity","David Bowie",1969
77,"The House Of The Rising Sun","The Animals",1964
78,"Chasing Cars","Snow Patrol",2006
79,"Let It Be","The Beatles",1970
80,"Gimme Shelter","The Rolling Stones",1969
81,"Goodnight Saigon","Billy Joel",1983
82,"Het Regent Zonnestralen","Acda & De Munnik",1998
83,"Bitter Sweet Symphony","The Verve",1997
84,"Fool's Overture","Supertramp",1977
85,"Suspicious Minds","Elvis Presley",1969
86,"Pastorale","Ramses Shaffy & Liesbeth List",1969
87,"Yesterday","The Beatles",1965
88,"The Pretender","Foo Fighters",2007
89,"Someone Like You","Adele",2011
90,"Another Brick In The Wall","Pink Floyd",1979
91,"Papa","Stef Bos",1991
92,"Dancing Queen","ABBA",1976
93,"Master Of Puppets","Metallica",1986
94,"Don't Stop Me Now","Queen",1979
95,"Stil In Mij","Van Dik Hout",1994
96,"Uprising","Muse",2009
97,"The Rose","Bette Midler",1980
98,"Hallelujah","Leonard Cohen",1984
99,"Belfast Child","Simple Minds",1989
100,"Wonderwall","Oasis",1995
101,"Under Pressure","Queen & David Bowie",1981
102,"Jeanny","Falco",1985
103,"Shape Of You","Ed Sheeran",2017
104,"The Last Resort","Eagles",1976
105,"Here Comes The Sun","The Beatles",1969
106,"Desperado","Eagles",1973
107,"Who Wants To Live Forever","Queen",1986
108,"Laat Me","Ramses Shaffy",1978
109,"Dochters","Marco Borsato",2008
110,"Fragile","Sting",1988
111,"Paranoid","Black Sabbath",1970
112,"Old Man","Neil Young",1972
113,"Billie Jean","Michael Jackson",1983
114,"Hallelujah","Jeff Buckley",1994
115,"Don't Look Back In Anger","Oasis",1996
116,"Enjoy The Silence","Depeche Mode",1990
117,"A Whiter Shade Of Pale","Procol Harum",1967
118,"Perfect Day","Lou Reed",1972
119,"When The Lady Smiles","Golden Earring",1984
120,"Wuthering Heights","Kate Bush",1978
121,"Blackbird","The Beatles",1968
122,"Hello","Adele",2015
123,"I Still Haven't Found What I'm Looking For","U2",1987
124,"Nights In White Satin","The Moody Blues",1968
125,"Knights Of Cydonia","Muse",2006
126,"Yellow","Coldplay",2000
127,"Californication","Red Hot Chili Peppers",2000
128,"Jolene","Dolly Parton",1974
129,"The Unforgettable Fire","U2",1985
130,"Whole Lotta Love","Led Zeppelin",1969
131,"Smoke On The Water","Deep Purple",1973
132,"Voor Haar","Frans Halsema",1977
133,"Hurricane","Bob Dylan",1975
134,"Sorry","Kyteman",2009
135,"Somebody To Love","George Michael & Queen",1993
136,"Jeremy","Pearl Jam",1991
137,"Thinking Out Loud","Ed Sheeran",2014
138,"Make You Feel My Love","Adele",2008
139,"One Day Like This","Elbow",2008
140,"The Boxer","Simon & Garfunkel",1969
141,"Saturday Night","Herman Brood & His Wild Romance",1978
142,"Iedereen Is Van De Wereld","The Scene",1991
143,"Love You More","Racoon",2005
144,"Everybody Hurts","R.E.M.",1993
145,"Summer Of '69","Bryan Adams",1984
146,"Lose Yourself","Eminem",2002
147,"Thriller","Michael Jackson",1983
148,"Still Got The Blues","Gary Moore",1990
149,"September","Earth Wind & Fire",1979
150,"The Load Out / Stay","Jackson Browne",1977
151,"Everlong","Foo Fighters",1997
152,"Street Spirit","Radiohead",1995
153,"Oude Maasweg","The Amazing Stroopwafels",1982
154,"Dream On","Aerosmith",1973
155,"Come As You Are","Nirvana",1991
156,"Take On Me","A-Ha",1985
157,"I Put A Spell On You","Creedence Clearwater Revival",1972
158,"Bad","U2",1984
159,"Kleine Jongen","André Hazes",1990
160,"Paradise City","Guns N' Roses",1989
161,"Man In The Mirror","Michael Jackson",1988
162,"Du Hast","Rammstein",1997
163,"Rolling In The Deep","Adele",2010
164,"Skyfall","Adele",2012
165,"A Day In The Life","The Beatles",1967
166,"Earth Song","Michael Jackson",1995
167,"What's Going On","Marvin Gaye",1971
168,"Fear Of The Dark","Iron Maiden",1993
169,"Nobody's Wife","Anouk",1997
170,"Karma Police","Radiohead",1997
171,"I See Fire","Ed Sheeran",2014
172,"Bloed, Zweet En Tranen","André Hazes",2002
173,"Kayleigh","Marillion",1985
174,"Chop Suey!","System Of A Down",2001
175,"Mama","Genesis",1983
176,"Don't You (Forget About Me)","Simple Minds",1985
177,"Perfect","Ed Sheeran",2017
178,"Mr. Brightside","The Killers",2005
179,"All Along The Watchtower","Jimi Hendrix Experience",1968
180,"Born To Run","Bruce Springsteen",1975
181,"Insomnia","Faithless",1995
182,"Sonne","Rammstein",2001
183,"Fields Of Gold","Sting",1993
184,"Seven Nation Army","The White Stripes",2003
185,"Castle On The Hill","Ed Sheeran",2017
186,"Money For Nothing","Dire Straits",1985
187,"Music","John Miles",1976
188,"Society","Eddie Vedder",2007
189,"Streets Of Philadelphia","Bruce Springsteen",1994
190,"Ace Of Spades","Motörhead",1980
191,"Lightning Crashes","Live",1995
192,"The Winner Takes It All","ABBA",1980
193,"Black Hole Sun","Soundgarden",1994
194,"Papillon","Editors",2009
195,"Dat Ik Je Mis","Maaike Ouboter",2013
196,"She","Charles Aznavour",1974
197,"The Show Must Go On","Queen",1991
198,"Don't Stop Believin'","Journey",1981
199,"Zing Vecht Huil Bid Lach Werk En Bewonder","Ramses Shaffy",1971
200,"Formidable","Stromae",2013
201,"Kryptonite","3 Doors Down",2000
202,"Zombie","The Cranberries",1994
203,"In The Ghetto","Elvis Presley",1969
204,"Human","Rag'n'Bone Man",2016
205,"Home","Dotan",2014
206,"In Your Arms","Chef'Special",2014
207,"Heart Of Gold","Neil Young",1972
208,"Beautiful Day","U2",2000
209,"Bed Of Roses","Bon Jovi",1993
210,"No One Knows","Queens Of The Stone Age",2002
211,"Barcelona","Freddie Mercury & Montserrat Caballé",1987
212,"Echoes","Pink Floyd",1971
213,"Graceland","Paul Simon",1987
214,"Dust In The Wind","Kansas",1978
215,"You Can't Always Get What You Want","The Rolling Stones",1969
216,"Have You Ever Seen The Rain","Creedence Clearwater Revival",1971
217,"Ne Me Quitte Pas","Jacques Brel",1965
218,"Sex On Fire","Kings Of Leon",2008
219,"When We Were Young","Adele",2015
220,"Zeg Me Dat Het Niet Zo Is","Frank Boeijen Groep",1990
221,"Good Vibrations","The Beach Boys",1966
222,"Psycho","Muse",2015
223,"Dreadlock Holiday","10CC",1978
224,"Paranoid Android","Radiohead",1997
225,"While My Guitar Gently Weeps","The Beatles",1968
226,"Happy","Pharrel Williams",2013
227,"More Than A Feeling","Boston",1977
228,"Roxanne","The Police",1979
229,"Angel Of Death","Slayer",1986
230,"War","Kensington",2014
231,"She Sells Sanctuary","The Cult",1986
232,"Careless Whisper","George Michael",1984
233,"One (2005)","U2 & Mary J. Blige",2007
234,"Another 45 Miles","Golden Earring",1969
235,"Forever Young","Alphaville",1984
236,"Samba Pa Ti","Santana",1970
237,"Kronenburg Park","Frank Boeijen Groep",1985
238,"Fast Car","Tracy Chapman",1988
239,"Ruthless Queen","Kayak",1979
240,"Englishman In New York","Sting",1988
241,"All Of Me","John Legend",2013
242,"Blauw","The Scene",1991
243,"Wind Of Change","Scorpions",1991
244,"The End","The Doors",1967
245,"Ice Queen","Within Temptation",2002
246,"Lithium","Nirvana",1991
247,"I'm Not In Love","10CC",1975
248,"Window Of My Eyes","Cuby & The Blizzards",1968
249,"Dreams","Fleetwood Mac",1977
250,"Proud Mary","Ike & Tina Turner",1971
251,"Kashmir","Led Zeppelin",1975
252,"The Chain","Fleetwood Mac",1977
253,"Set Fire To The Rain","Adele",2011
254,"Zij Gelooft In Mij","André Hazes",2000
255,"Back In Black","AC/DC",1980
256,"Baba O'Riley","The Who",1971
257,"No Woman No Cry","Bob Marley & The Wailers",1975
258,"Sterrenstof","De Jeugd Van Tegenwoordig",2010
259,"Ain't No Sunshine","Bill Withers",1971
260,"Troy","Sinead O'Connor",1987
261,"Sara","Fleetwood Mac",1980
262,"California Dreamin'","The Mamas & The Papas",1966
263,"A Sky Full Of Stars","Coldplay",2014
264,"Fortunate Son","Creedence Clearwater Revival",1969
265,"I Want To Break Free","Queen",1984
266,"Du","Peter Maffay",1971
267,"Life On Mars","David Bowie",1971
268,"Halo Of Flies","Alice Cooper",1973
269,"Take Me To Church","Hozier",2014
270,"Boulevard Of Broken Dreams","Green Day",2004
271,"Redemption Song","Bob Marley & The Wailers",1980
272,"Me And Bobby McGee","Janis Joplin",1971
273,"The Day Before You Came","ABBA",1982
274,"Let Her Go","Passenger",2012
275,"Worn Down Piano","Mark & Clark Band",1977
276,"Brown Eyed Girl","Van Morrison",1967
277,"Testament","Boudewijn de Groot",1967
278,"Knocking On Heaven's Door","Guns N' Roses",1992
279,"Somewhere Only We Know","Keane",2004
280,"Lola Montez","Volbeat",2013
281,"White Rabbit","Jefferson Airplane",1970
282,"Against All Odds","Phil Collins",1984
283,"My Immortal","Evanescence",2003
284,"Gotta Catch 'Em All","Jason Paige",1997
285,"Bad Moon Rising","Creedence Clearwater Revival",1969
286,"With A Little Help From My Friends","Joe Cocker",1968
287,"Haus Am See","Peter Fox",2009
288,"God Is A DJ","Faithless",2004
289,"Layla","Eric Clapton",1992
290,"Every Breath You Take","The Police",1983
291,"Solsbury Hill","Peter Gabriel",1977
292,"The Man With The Child In His Eyes","Kate Bush",1978
293,"Fade To Black","Metallica",1984
294,"Streets","Kensington",2014
295,"Morning Has Broken","Cat Stevens",1972
296,"Unforgiven","Metallica",1991
297,"Als Ze Er Niet Is","De Dijk",1994
298,"Suzanne","Leonard Cohen",1968
299,"Eagle","ABBA",1978
300,"I Want To Know What Love Is","Foreigner",1984
301,"Zo Stil","Bløf",2012
302,"Don't Give Up","Peter Gabriel & Kate Bush",1986
303,"Silent Lucidity","Queensrÿche",1990
304,"One Step Beyond","Madness",1979
305,"(I Can't Get No) Satisfaction","The Rolling Stones",1965
306,"Twilight Zone","Golden Earring",1982
307,"Dancing In The Dark","Bruce Springsteen",1984
308,"Deurdonderen","Normaal",1982
309,"One Of These Nights","Eagles",1975
310,"Killer Queen","Queen",1974
311,"Radioactive","Imagine Dragons",2012
312,"Run","Snow Patrol",2004
313,"Une Belle Histoire","Michel Fugain",1972
314,"Aan De Kust","Bløf",1998
315,"Free Bird","Lynyrd Skynyrd",1974
316,"The Cave","Mumford & Sons",2010
317,"Jesus To A Child","George Michael",1996
318,"She's Always A Woman To Me","Billy Joel",1978
319,"Ring Of Fire","Johnny Cash",1963
320,"Kiss From A Rose","Seal",1994
321,"Onderweg","Abel",2000
322,"Vienna","Ultravox",1981
323,"Nothing Compares 2 U","Sinead O'Connor",1990
324,"She's Not There","Santana",1978
325,"Smokers Outside The Hospital Doors","Editors",2007
326,"Three Little Birds","Bob Marley & The Wailers",1977
327,"I'm On Fire","Bruce Springsteen",1985
328,"Walk Of Life","Dire Straits",1985
329,"9 Crimes","Damien Rice",2006
330,"Sweet Caroline","Neil Diamond",1969
331,"Poison","Alice Cooper",1989
332,"Bat Out Of Hell","Meat Loaf",1977
333,"Mother Earth","Within Temptation",2002
334,"Beat It","Michael Jackson",1983
335,"Welcome To The Jungle","Guns N' Roses",1989
336,"Lopen Tot De Zon Komt","Acda & De Munnik",1997
337,"Do I Wanna Know","Arctic Monkeys",2013
338,"Can't Stop The Feeling!","Justin Timberlake",2016
339,"Niemand In De Stad","De Dijk",1990
340,"My Way","Frank Sinatra",1969
341,"When Doves Cry","Prince & The Revolution",1984
342,"Rockin' In The Free World","Neil Young",1989
343,"Oerend Hard","Normaal",1977
344,"Omarm","Bløf",2003
345,"The Whole Of The Moon","The Waterboys",1986
346,"Iris","Goo Goo Dolls",1999
347,"A Horse With No Name","America",1972
348,"Like A Hurricane","Neil Young",1977
349,"Laat Me (Vivre)","Ramses Shaffy & Liesbeth List & Alderliefste",2005
350,"I'm Gonna Be (500 Miles)","The Proclaimers",1988
351,"Liefs Uit Londen","Bløf",1998
352,"Take It Easy","Eagles",1972
353,"Sad Man's Tongue","Volbeat",2007
354,"The Logical Song","Supertramp",1979
355,"Another Love","Tom Odell",2012
356,"The Weight","The Band",1968
357,"Thunder Road","Bruce Springsteen",1975
358,"Plug In Baby","Muse",2001
359,"Basket Case","Green Day",1994
360,"Verdronken Vlinder","Boudewijn de Groot",1966
361,"Geef Mij Je Angst","André Hazes",1983
362,"She","Elvis Costello",1999
363,"Time In A Bottle","Jim Croce",1973
364,"Halt Mich","Herbert Grönemeyer",1988
365,"Ren Lenny Ren","Acda & De Munnik",2002
366,"Last Christmas","Wham!",1984
367,"November","Rowwen Hèze",2000
368,"Unfinished Sympathy","Massive Attack",1991
369,"Time","Pink Floyd",1973
370,"Fantasy","Earth Wind & Fire",1978
371,"De Vondeling Van Ameland","Boudewijn de Groot",2004
372,"Calm After The Storm","The Common Linnets",2014
373,"Harder Dan Ik Hebben Kan","Bløf",1999
374,"Livin' On A Prayer","Bon Jovi",1986
375,"You Shook Me All Night Long","AC/DC",1980
376,"99 Luftballons","Nena",1983
377,"Learn To Fly","Foo Fighters",1999
378,"Starman","David Bowie",1972
379,"De Vlieger","André Hazes",1977
380,"Feel","Robbie Williams",2002
381,"Sweet Home Alabama","Lynyrd Skynyrd",1974
382,"Empire State Of Mind","Alicia Keys",2009
383,"Wonderful Tonight","Eric Clapton",1988
384,"Eye In The Sky","The Alan Parsons Project",1982
385,"Like A Rollin' Stone","Bob Dylan",1965
386,"'k Heb Je Lief","Paul de Leeuw",1997
387,"The Power Of Love","Frankie Goes To Hollywood",1984
388,"Staying Alive","Bee Gees",1978
389,"Your Song","Elton John",1971
390,"Another Day In Paradise","Phil Collins",1989
391,"Estranged","Guns N' Roses",1994
392,"Let's Dance","David Bowie",1983
393,"Romeo And Juliet","Dire Straits",1980
394,"Can I Play With Madness","Iron Maiden",1988
395,"Chandelier","Sia",2013
396,"Paradise","Coldplay",2011
397,"Don't Give Up The Fight","Racoon",2011
398,"Breaking The Habit","Linkin Park",2004
399,"These Are The Days Of Our Lives","Queen",1991
400,"I Was Made For Loving You","Kiss",1979
401,"Op Fietse","Skik",1997
402,"Money","Pink Floyd",1973
403,"The Man Who Sold The World (unplugged)","Nirvana",1994
404,"Light My Fire","The Doors",1967
405,"Numb/Encore","Linkin Park & Jay Z",2004
406,"Bliss","Muse",2002
407,"New Years Day","U2",1983
408,"The Great Gig In The Sky","Pink Floyd",1973
409,"We Will Rock You","Queen",1977
410,"The A Team","Ed Sheeran",2011
411,"Eleanor Rigby","The Beatles",1966
412,"Cowboys And Angels","George Michael",1990
413,"Born Slippy","Underworld",1996
414,"Riddles","Kensington",2015
415,"Year Of The Cat","Al Stewart",1977
416,"Dirty Diana","Michael Jackson",1988
417,"Wicked Game","Chris Isaak",1991
418,"Sometimes It Snows In April","Prince & The Revolution",1996
419,"Pride","U2",1984
420,"I Don't Want To Miss A Thing","Aerosmith",1998
421,"L.A. Woman","The Doors",1971
422,"Message In A Bottle","The Police",1979
423,"The Thrill Is Gone","B.B. King",1969
424,"Blue Monday","New Order",1983
425,"Psycho Killer","Talking Heads",1978
426,"I Walk The Line","Johnny Cash",1957
427,"Love Will Tear Us Apart","Joy Division",1980
428,"Rebel Rebel","David Bowie",1974
429,"Snow (Hey Oh)","Red Hot Chili Peppers",2006
430,"Photograph","Ed Sheeran",2015
431,"Have I Told You Lately That I Love You","Van Morrison",1989
432,"Thank You For The Music","ABBA",1978
433,"Little Lion Man","Mumford & Sons",2009
434,"Lost","Anouk",2005
435,"Still Loving You","Scorpions",1987
436,"Johnny B. Goode","Chuck Berry",1958
437,"Hey Joe","Jimi Hendrix Experience",1967
438,"Mag Het Licht Uit","De Dijk",1987
439,"Smooth Criminal","Michael Jackson",1988
440,"Hold The Line","Toto",1979
441,"Tribute","Tenacious D",2003
442,"Little Black Submarines","The Black Keys",2012
443,"Holiday In Spain","Counting Crows & Bløf",2004
444,"Starlight","Muse",2006
445,"Demons","Imagine Dragons",2014
446,"Dansen Aan Zee","Bløf",2000
447,"Hocus Pocus","Focus",1971
448,"Such A Shame","Talk Talk",1984
449,"Baker Street","Gerry Rafferty",1978
450,"I Will Follow","U2",1982
451,"Try","Pink",2012
452,"Strong","London Grammar",2014
453,"Black Magic Woman","Santana",1970
454,"This Is What It Feels Like","Armin van Buuren",2013
455,"Do I Ever","Kensington",2016
456,"Wild Horses","The Rolling Stones",1971
457,"Badlands","Bruce Springsteen",1978
458,"Owner Of A Lonely Heart","Yes",1983
459,"Birds","Anouk",2013
460,"Dansen Op De Vulkaan","De Dijk",1987
461,"Geef Mij Je Angst","Guus Meeuwis",2004
462,"Treur Niet","Diggy Dex ft. JW Roy",2015
463,"Radio Ga Ga","Queen",1984
464,"Not An Addict","K's Choice",1996
465,"I Want You","Elvis Costello",1986
466,"Born In The U.S.A.","Bruce Springsteen",1985
467,"Tusk","Fleetwood Mac",1979
468,"Somebody That I Used To Know","Gotye ft. Kimbra",2011
469,"La Grange","ZZ Top",1973
470,"Nightswimming","R.E.M.",1992
471,"Margherita","Marco Borsato",1996
472,"De Peel In Brand","Rowwen Hèze",2005
473,"I Would Stay","Krezip",2000
474,"Welterusten Meneer De President","Boudewijn de Groot",1966
475,"Groot Hart","De Dijk",1985
476,"Firth Of Fifth","Genesis",1973
477,"Uptown Funk!","Mark Ronson ft. Bruno Mars",2014
478,"Max","Paolo Conte",1988
479,"Ironic","Alanis Morissette",1995
480,"Get Lucky","Daft Punk",2013
481,"Rehab","Amy Winehouse",2007
482,"What About Us","Pink",2017
483,"Chan Chan","Buena Vista Social Club",1997
484,"I Will Always Love You","Whitney Houston",1992
485,"Immigrant Song","Led Zeppelin",1971
486,"Diamonds","The Boxer Rebellion",2013
487,"Can't Help Falling In Love With You","Elvis Presley",1961
488,"Maid Of Orleans","Orchestral Manoeuvres In The Dark",1982
489,"Stan","Eminem ft. Dido",2000
490,"Lippy Kids","Elbow",2011
491,"Patience","Guns N' Roses",1989
492,"Leningrad","Billy Joel",1989
493,"Amigo","Chef'Special",2016
494,"Wake Me Up When September Ends","Green Day",2005
495,"Everything Now","Arcade Fire",2017
496,"Halo","Beyoncé",2010
497,"Conquest Of Paradise","Vangelis",1995
498,"Alone","Heart",1987
499,"Lazarus","David Bowie",2015
500,"Take Me Home, Country Roads","John Denver",1971
501,"Always On My Mind","Elvis Presley",1972
502,"I Am... I Said","Neil Diamond",1971
503,"Holding Back The Years","Simply Red",1985
504,"Papa Was A Rolling Stone","The Temptations",1972
505,"Strawberry Fields Forever","The Beatles",1967
506,"Penny Lane","The Beatles",1967
507,"Supermassive Black Hole","Muse",2006
508,"Superstition","Stevie Wonder",1973
509,"Valerie","Mark Ronson ft. Amy Winehouse",2007
510,"The Man Who Can't Be Moved","The Script",2008
511,"So Long","Fischer-Z",1980
512,"Leave The Light On","Beth Hart",2003
513,"Stop Loving You","Toto",1988
514,"Golden Brown","The Stranglers",1982
515,"Songbird","Fleetwood Mac",1977
516,"How Deep Is Your Love","Bee Gees",1977
517,"Papaoutai","Stromae",2013
518,"Down Under","Men At Work",1982
519,"Father And Son","Cat Stevens",1971
520,"Everytime I Think Of You","The Babys",1979
521,"Scar Tissue","Red Hot Chili Peppers",1999
522,"Annie's Song","John Denver",1976
523,"The Final Countdown","Europe",1986
524,"Our House","Crosby, Stills, Nash & Young",1970
525,"A Boy Named Sue","Johnny Cash",1969
526,"Zelfs Je Naam Is Mooi","Henk Westbroek",1998
527,"What A Wonderful World","Louis Armstrong",1968
528,"Here I Go Again","Whitesnake",1987
529,"Going To The Run","Golden Earring",1991
530,"Rhiannon","Fleetwood Mac",1976
531,"Easy Livin'","Uriah Heep",1973
532,"Rainbow In The Sky","Dj Paul Elstak",1995
533,"Witch Doctor","De Staat",2014
534,"Teardrop","Massive Attack",1998
535,"Fields Of Gold","Eva Cassidy",1998
536,"Father Figure","George Michael",1988
537,"You're The First, The Last, My Everything","Barry White",1974
538,"Landslide","Fleetwood Mac",1975
539,"Der Weg","Herbert Grönemeyer",2002
540,"Overcome","Live",2001
541,"Lust For Life","Iggy Pop",1977
542,"Woman In Love","Barbra Streisand",1980
543,"Boogie Wonderland","Earth Wind & Fire",1979
544,"You Are So Beautiful","Joe Cocker",1975
545,"Zij Maakt Het Verschil","De Poema's",2001
546,"All I Need","Air",1999
547,"High Hopes","Pink Floyd",1994
548,"Tougher Than The Rest","Bruce Springsteen",1987
549,"Blowing In The Wind","Bob Dylan",1963
550,"Niet Of Nooit Geweest","Acda & De Munnik",1998
551,"Albatross","Fleetwood Mac",1969
552,"So Long Marianne","Leonard Cohen",1968
553,"Gimme All Your Lovin'","ZZ Top",1984
554,"Lyin' Eyes","Eagles",1975
555,"Dark Necessities","Red Hot Chili Peppers",2016
556,"Man On The Moon","R.E.M.",1992
557,"The Boys Of Summer","Don Henley",1985
558,"Leaving On A Jet Plane","John Denver",1969
559,"Land Of Confusion","Genesis",1986
560,"Sabotage","Beastie Boys",1994
561,"Almost Cut My Hair","Crosby, Stills, Nash & Young",1971
562,"Love Hurts","Nazareth",1974
563,"Hard Sun","Eddie Vedder",2007
564,"A Different Corner","George Michael",1986
565,"Jump","Van Halen",1984
566,"Sebastian","Cockney Rebel",1973
567,"Sweet Dreams","Eurythmics",1983
568,"Alles Geprobeerd","Het Goede Doel",1986
569,"Whiskey In The Jar","Metallica",1998
570,"Pompeii","Bastille",2013
571,"Hier Kom Ik Weg","Daniel Lohues",2008
572,"Sign 'O' The Times","Prince",1987
573,"Million Years Ago","Adele",2016
574,"Black Betty","Ram Jam",1978
575,"Tubular Bells","Mike Oldfield",1974
576,"Running With The Devil","Van Halen",1980
577,"Feel Good Inc","Gorillaz",2005
578,"Sad But True","Metallica",1992
579,"Under The Pressure","War On Drugs",2014
580,"Take This Waltz","Leonard Cohen",1988
581,"Roll Over Lay Down","Status Quo",1975
582,"Non Je Ne Regrette Rien","Edith Piaf",1961
583,"We Are The Champions","Queen",1977
584,"New Kid In Town","Eagles",1977
585,"Vincent","Don McLean",1972
586,"Motorcycle Emptiness","Manic Street Preachers",1992
587,"It's My Life","Bon Jovi",2000
588,"Is She Really Going Out With Him (Live)","Joe Jackson",1979
589,"Song 2","Blur",1997
590,"Through The Barricades","Spandau Ballet",1986
591,"Otherside","Red Hot Chili Peppers",2003
592,"All I Want Is You","U2",1989
593,"Gravity","John Mayer",2006
594,"Slow Dancing In A Burning Room","John Mayer",2006
595,"Tinseltown In The Rain","The Blue Nile",1984
596,"Champagne Supernova","Oasis",1995
597,"If You Leave Me Now","Chicago",1976
598,"Cloudbusting","Kate Bush",1985
599,"No Mercy","Racoon",2011
600,"Clint Eastwood","Gorillaz",2001
601,"I Follow Rivers","Triggerfinger",2012
602,"Be My Number Two","Joe Jackson",1984
603,"Daughters","John Mayer",2005
604,"Ashes To Ashes","David Bowie",1980
605,"Go Like Elijah","Chi Coltrane",1973
606,"Walk","Foo Fighters",2009
607,"De Verzoening","Frank Boeijen Groep",1987
608,"24K Magic","Bruno Mars",2016
609,"Michel","Anouk",2000
610,"Mutter","Rammstein",2001
611,"Narcotic","Liquido",1998
612,"Bright Eyes","Art Garfunkel",1979
613,"Mamma Mia","ABBA",1975
614,"China Girl","David Bowie",1983
615,"Driving Home For Christmas","Chris Rea",1986
616,"Us And Them","Pink Floyd",1973
617,"Ben","Michael Jackson",1972
618,"The Turn Of A Friendly Card","The Alan Parsons Project",1980
619,"Total Eclipse Of The Heart","Bonnie Tyler",1983
620,"Never Tear Us Apart","INXS",1988
621,"Little Green Bag","George Baker Selection",1969
622,"Running Up That Hill","Kate Bush",1985
623,"White Room","Cream",1968
624,"Who'll Stop The Rain","Creedence Clearwater Revival",1970
625,"They Don't Care About Us","Michael Jackson",1996
626,"Sinds 1 Dag Of 2 (32 Jaar)","Doe Maar",1981
627,"Dat Komt Door Jou","Guus Meeuwis",2009
628,"Need Your Love So Bad","Fleetwood Mac",1968
629,"Wild Is The Wind","David Bowie",1976
630,"Into My Arms","Nick Cave & The Bad Seeds",1997
631,"My Boy","Elvis Presley",1975
632,"My Hometown","Bruce Springsteen",1986
633,"Wake Me Up","Avicii",2013
634,"Sharp Dressed Man","ZZ Top",1985
635,"Ik Kan Het Niet Alleen","De Dijk",1989
636,"Prachtig Mooie Dag","Daniel Lohues",2011
637,"Lola","The Kinks",1970
638,"Come Together","The Beatles",1967
639,"Zonder Jou","Simone Kleinsma & Paul de Leeuw",1995
640,"Teach Your Children","Crosby, Stills, Nash & Young",1970
641,"Alive & Kicking","Simple Minds",1985
642,"I Will Wait","Mumford & Sons",2012
643,"Blueberry Hill","Fats Domino",1957
644,"Dreamer","Supertramp",1974
645,"Follow You Follow Me","Genesis",1978
646,"(Don't Fear) The Reaper","Blue Öyster Cult",1976
647,"Pinball Wizard","The Who",1969
648,"Faith","George Michael",1987
649,"Jailhouse Rock","Elvis Presley",1957
650,"Would?","Alice In Chains",1992
651,"1999","Prince",1982
652,"Norwegian Wood (This Bird Has Flown)","The Beatles",1965
653,"Rood","Marco Borsato",2006
654,"How You Gonna See Me Now","Alice Cooper",1979
655,"A Night Like This","Caro Emerald",2009
656,"The Passenger","Iggy Pop",1976
657,"You'll Be In My Heart","Phil Collins",1999
658,"Folsom Prison Blues (live In Folsom Prison)","Johnny Cash",1969
659,"Mrs. Robinson","Simon & Garfunkel",1968
660,"Waterloo","ABBA",1974
661,"Denis","Blondie",1978
662,"Zandloper","Typhoon",2014
663,"Kristallnach","BAP",1983
664,"Red Red Wine","UB40",1983
665,"Venus","Shocking Blue",1969
666,"Wrong","Novastar",1999
667,"Liverpool Rain","Racoon",2012
668,"Something Just Like This","Coldplay & Chainsmokers",2017
669,"Take Me Out","Franz Ferdinand",2003
670,"Mijn Houten Hart","De Poema's",1999
671,"Bloasmuziek","Gé Reinders",1999
672,"Let It Happen","Tame Impala",2015
673,"Liefde Van Later","Herman van Veen",1969
674,"Everywhere","Fleetwood Mac",1988
675,"In The Dutch Mountains","Nits",1987
676,"Freedom","George Michael",1987
677,"Use Somebody","Kings Of Leon",2008
678,"Walk On The Wild Side","Lou Reed",1973
679,"There Is A Light That Never Goes Out","The Smiths",1986
680,"Waterfront","Simple Minds",1984
681,"Don't Dream It's Over","Crowded House",1987
682,"I Bet You Look Good On The Dancefloor","Arctic Monkeys",2006
683,"American Idiot","Green Day",2004
684,"One Way Wind","The Cats",1971
685,"Just A Little Bit Of Peace In My Heart","Golden Earrings",1968
686,"Crazy Little Thing Called Love","Queen",1979
687,"I Alone","Live",1995
688,"Sailing","Rod Stewart",1975
689,"Never Be Clever","Herman Brood & His Wild Romance",1979
690,"Lullaby","The Cure",1989
691,"Changes","2Pac",1998
692,"Another One Bites The Dust","Queen",1980
693,"Jungleland","Bruce Springsteen",1975
694,"Little Wing","Jimi Hendrix Experience",1969
695,"You're So Vain","Carly Simon",1973
696,"Like The Way I Do","Melissa Etheridge",1989
697,"Mooie Dag","Bløf",2002
698,"You Want It Darker","Leonard Cohen",2016
699,"Slippery People (Live)","Talking Heads",1985
700,"Video Games","Lana Del Rey",2011
701,"Chiquitita","ABBA",1979
702,"You Do Something To Me","Paul Weller",1995
703,"Real Men","Joe Jackson",1982
704,"Tunnel Of Love","Dire Straits",1980
705,"You Know I'm No Good","Amy Winehouse",2007
706,"Unchain My Heart","Joe Cocker",1987
707,"Toen Ik Je Zag","Hero",1997
708,"Mr. Jones","Counting Crows",1994
709,"Tonight","Tina Turner & David Bowie",1988
710,"What It Is","Mark Knopfler",2000
711,"Whatever You Want","Status Quo",1979
712,"The Times They Are A-Changing","Bob Dylan",1964
713,"You Can Call Me Al","Paul Simon",1986
714,"Don't Let The Sun Go Down On Me","George Michael & Elton John",1991
715,"Fool On The Hill","The Beatles",1967
716,"Human","The Killers",2008
717,"Gaia","Valensia",1993
718,"American Pie","Don McLean",1972
719,"Heaven Must Be Missing An Angel","Tavares",1976
720,"Suzie Q","Creedence Clearwater Revival",1968
721,"Jimmy","Boudewijn de Groot",1973
722,"Nothing Rhymed","Gilbert O'Sullivan",1971
723,"Best Of You","Foo Fighters",2015
724,"You","Ten Sharp",1991
725,"No Surprises","Radiohead",1997
726,"So Lonely","The Police",1979
727,"The Long And Winding Road","The Beatles",1970
728,"Als Het Vuur Gedoofd Is","Acda & De Munnik",1997
729,"Born To Be Wild","Steppenwolf",1968
730,"Sound And Vision","David Bowie",1977
731,"Always","Bon Jovi",1994
732,"Bring Me To Life","Evanescence",2003
733,"My Silver Lining","First Aid Kit",2014
734,"Our House","Madness",1982
735,"Rain Down On Me","Kane",2002
736,"River Deep Mountain High","Ike & Tina Turner",1966
737,"Does Your Mother Know","ABBA",1979
738,"Blauwe Ruis","Bløf",2002
739,"I Still Cry","Ilse DeLange",2000
740,"Locomotive Breath","Jethro Tull",1972
741,"Once Upon A Time In The West","Ennio Morricone",1968
742,"Bloedend Hart","De Dijk",1982
743,"Ziggy Stardust","David Bowie",1972
744,"The Family Tree","Venice",1999
745,"Fly Me To The Moon","Frank Sinatra",1964
746,"Beautiful Noise","Neil Diamond",1976
747,"Musica É","Eros Ramazzotti",1989
748,"Limburg","Rowwen Hèze",1996
749,"Heading Up High","Armin van Buuren ft. Kensington",2015
750,"Cold Little Heart","Michael Kiwanuka",2016
751,"Zeg Maar Niets Meer","André Hazes",1982
752,"Father And Friend","Alain Clark",2008
753,"Smooth Operator","Sade",1984
754,"Hunger Strike","Temple Of The Dog",1991
755,"Daar Gaat Ze","Clouseau",1990
756,"Why Tell Me, Why","Anita Meyer",1981
757,"School's Out","Alice Cooper",1972
758,"Bedshaped","Keane",2004
759,"Trouble","Coldplay",2002
760,"Band On The Run","Paul McCartney & Wings",1974
761,"Top Of The World","Carpenters",1973
762,"Words","Bee Gees",1968
763,"Free Fallin'","Tom Petty",1989
764,"You're My Best Friend","Queen",1976
765,"Winter","Tori Amos",1992
766,"Everybody Wants To Rule The World","Tears For Fears",1985
767,"I Feel Love","Donna Summer",1977
768,"The Eyes Of Jenny","Sandy Coast",1981
769,"Rocket Man","Elton John",1972
770,"Kan Ik Iets Voor Je Doen?","De Dijk",2011
771,"Jesus He Knows Me","Genesis",1992
772,"In-A-Gadda-Da-Vida","Iron Butterfly",1970
773,"Every Little Thing She Does Is Magic","The Police",1981
774,"Sweet Goodbyes","Krezip",2009
775,"Eternal Flame","Bangles",1989
776,"Eye Of The Tiger","Survivor",1982
777,"Carry On Wayward Son","Kansas",1977
778,"Waves","Mr. Probz",2013
779,"Con Te Partirò","Andrea Bocelli",1996
780,"Fake Plastic Trees","Radiohead",1995
781,"People Are Strange","The Doors",1967
782,"Everglow","Coldplay",2015
783,"One Of These Days","Pink Floyd",1971
784,"Like A Prayer","Madonna",1989
785,"Suzanne","Herman van Veen",1969
786,"Nikita","Elton John",1985
787,"(Everything I Do) I Do It For You","Bryan Adams",1991
788,"Something","The Beatles",1969
789,"This Is The Life","Amy Macdonald",2008
790,"Rosanna","Toto",1982
791,"Mooi","Marco Borsato",2015
792,"Hymn For The Weekend","Coldplay",2015
793,"Message To My Girl","Split Enz",1984
794,"If You Tolerate This Your Children Will Be Next","Manic Street Preachers",1998
795,"You've Got A Friend","Carole King",1971
796,"In The Blood","John Mayer",2017
797,"Once In A Lifetime","Talking Heads",1981
798,"Circle Of Life","Elton John",1994
799,"On Every Street","Dire Straits",1992
800,"Binnen Zonder Kloppen","De Dijk",1985
801,"Son Of A Preacher Man","Dusty Springfield",1968
802,"Let Me Entertain You","Robbie Williams",1998
803,"Here Without You","3 Doors Down",2004
804,"Het Werd Zomer","Rob de Nijs",1977
805,"Don't Cry","Guns N' Roses",1991
806,"Good Riddance (Time Of Your Life)","Green Day",1997
807,"All For Nothing","Kensington",2014
808,"Can't Hold Us","Macklemore & Ryan Lewis",2012
809,"Trapped (Live)","Bruce Springsteen & The E Street Band",1985
810,"I'd Do Anything For Love (But I Won't Do That)","Meat Loaf",1993
811,"Belle Helene","Doe Maar",1982
812,"Anne","Herman van Veen",1986
813,"New York State Of Mind","Billy Joel",1976
814,"Chasing Pavements","Adele",2008
815,"Ain't Got No - I Got Life","Nina Simone",1968
816,"Stand By Me","Ben E. King",1987
817,"Voodoo Chile","Jimi Hendrix Experience",1968
818,"The Wind Cries Mary","Jimi Hendrix Experience",1967
819,"Flappie","Youp van 't Hek",1981
820,"Down Down","Status Quo",1975
821,"Heal The World","Michael Jackson",1992
822,"Russians","Sting",1985
823,"What's Up?","4 Non Blondes",1993
824,"Brown Sugar","The Rolling Stones",1971
825,"The One I Love","R.E.M.",1987
826,"I Heard It Through The Grapevine","Marvin Gaye",1969
827,"Home Again","Kensington",2013
828,"(You Make Me Feel Like) A Natural Woman","Aretha Franklin",1967
829,"Hald Mich 's Vas","Neet Oét Lottum",2005
830,"Dancing In The Street","David Bowie & Mick Jagger",1985
831,"Ordinary Love","U2",2013
832,"Ordinary World","Duran Duran",1993
833,"Layla","Derek & The Dominos",1971
834,"Blackstar","David Bowie",2016
835,"Foto Van Vroeger","Rob de Nijs",1980
836,"Sexual Healing","Marvin Gaye",1982
837,"Weak","Skunk Anansie",1995
838,"Epic","Faith No More",1989
839,"Whiskey In The Jar","Thin Lizzy",1973
840,"Listen To The Music","The Doobie Brothers",1972
841,"Hey Brother","Avicii",2013
842,"Respect","Aretha Franklin",1967
843,"I Gotta Feeling","Black Eyed Peas",2009
844,"Lucy In The Sky With Diamonds","The Beatles",1967
845,"Nine Million Bicycles","Katie Melua",2005
846,"A Gentleman's Excuse Me","Fish",1990
847,"Never Gonna Give You Up","Rick Astley",1987
848,"See Me Feel Me","The Who",1970
849,"The Lady In Red","Chris De Burgh",1986
850,"Raspberry Beret","Prince & The Revolution",1985
851,"Eloise","Barry Ryan",1968
852,"Afscheid Nemen Bestaat Niet","Marco Borsato",2003
853,"Don't Stop","Fleetwood Mac",1977
854,"London Calling","The Clash",1979
855,"Since I'Ve Been Loving You","Led Zeppelin",1970
856,"Geen Kind Meer","Karin Bloemen",1996
857,"Tequila Sunrise","Eagles",1973
858,"Autobahn","Kraftwerk",1975
859,"Absolute Beginners","David Bowie",1986
860,"Have A Little Faith In Me","John Hiatt",1989
861,"Little Lies","Fleetwood Mac",1987
862,"Linger","The Cranberries",1993
863,"Four Seasons In One Day","Crowded House",1992
864,"Where The Wild Roses Grow","Nick Cave & Kylie Minogue",1995
865,"Tie Your Mother Down","Queen",1977
866,"Disarm","Smashing Pumpkins",2003
867,"The Worker","Fischer-Z",1979
868,"Let Love Rule","Lenny Kravitz",1989
869,"Magic","Coldplay",2014
870,"Hunting High And Low","A-Ha",1986
871,"Unchained Melody","The Righteous Brothers",1965
872,"Keep Your Head Up","Ben Howard",2011
873,"Ruby Tuesday","The Rolling Stones",1967
874,"For Bitter Or Worse","Anouk",2009
875,"Flink Zijn","Robert Long",1977
876,"Life's What You Make It","Talk Talk",1985
877,"Peter Gunn Theme","Emerson Lake & Palmer",1980
878,"The Best","Tina Turner",1989
879,"Frozen","Madonna",1998
880,"You're The Voice","John Farnham",1987
881,"Memory","Barbra Streisand",1982
882,"Knocking On Heaven's Door","Bob Dylan",1973
883,"Mercedes Benz","Janis Joplin",1970
884,"Where Is The Love","Black Eyed Peas",2003
885,"Adventure Of A Lifetime","Coldplay",2015
886,"Wonderfull Days","Charlie Lownoise & Mental Theo",1994
887,"I Heard It Through The Grapevine","Creedence Clearwater Revival",1973
888,"Vivo Per Lei","Andrea Bocelli",1996
889,"Zoutelande","Bløf ft. Geike",2017
890,"Michelle","The Beatles",1966
891,"Glory Days","Bruce Springsteen",1985
892,"Candle In The Wind (1997)","Elton John",1997
893,"Hometown Glory","Adele",2009
894,"Happy New Year","ABBA",1980
895,"'39","Queen",1975
896,"Hallelujah","Lisa Lois",2009
897,"Shout","Tears For Fears",1985
898,"Hurt","Christina Aguilera",2006
899,"How You Remind Me","Nickelback",2001
900,"Just Can't Get Enough (Live)","Depeche Mode",1985
901,"Don't Speak","No Doubt",1996
902,"Porcelain","Moby",1999
903,"Give Me Love","Ed Sheeran",2012
904,"Ben Ik Te Min","Armand",1967
905,"Suicide Is Painless","M.A.S.H.",1970
906,"Lemon Tree","Fools Garden",1996
907,"In Nije Dei (Live)","De Kast",1997
908,"België (Is Er Leven Op Pluto…?)","Het Goede Doel",1982
909,"I'm Going Home","Ten Years After",1971
910,"Everybody Needs Somebody To Love","The Blues Brothers",1989
911,"Lay All Your Love On Me","ABBA",1981
912,"Lonely Boy","The Black Keys",2011
913,"Stay With Me","Sam Smith",2014
914,"Avalon","Roxy Music",1982
915,"In A Lifetime","Clannad",1986
916,"Sovereign Light Cafe","Keane",2012
917,"Crazy On You","Heart",1977
918,"A Kind Of Magic","Queen",1986
919,"This Is Not America","David Bowie & Pat Metheny Group",1985
920,"Dani California","Red Hot Chili Peppers",2006
921,"Black Or White","Michael Jackson",1991
922,"One Word","Anouk",2005
923,"Moondance","Van Morrison",1970
924,"Madness","Muse",2012
925,"Sign Of The Times","Harry Styles",2017
926,"She Flies On Strange Wings","Golden Earring",1971
927,"Waiting On A Friend","The Rolling Stones",1981
928,"Just Give Me A Reason","Pink & Nate Ruess",2012
929,"Baggy Trousers","Madness",1980
930,"You've Got A Friend","James Taylor",1971
931,"Love Like Blood","Killing Joke",1985
932,"Private Dancer","Tina Turner",1984
933,"Kingston Town","UB40",1990
934,"Shoes Of Lightning","Racoon",2013
935,"Thunder","Imagine Dragons",2017
936,"I Won't Give Up","Jason Mraz",2012
937,"Cold As Ice","Foreigner",1977
938,"Crazy","Seal",1991
939,"Islands In The Stream","Dolly Parton & Kenny Rogers",1983
940,"Tears Dry On Their Own","Amy Winehouse",2007
941,"Hemel Valt","Typhoon",2015
942,"Is Dit Nu Later","Stef Bos",1990
943,"The Unforgiven II","Metallica",2008
944,"Come On Eileen","Dexy's Midnight Runners & The Emerald Express",1982
945,"Waiting On A Sunny Day","Bruce Springsteen",2003
946,"Fool To Cry","The Rolling Stones",1976
947,"Plush","Stone Temple Pilots",1993
948,"About A Girl (MTV Unplugged)","Nirvana",1994
949,"I Have A Dream","ABBA",1979
950,"Start Me Up","The Rolling Stones",1981
951,"I Say A Little Prayer","Aretha Franklin",1968
952,"Think (Blues Brothers Version)","Aretha Franklin",1968
953,"Question","The Moody Blues",1970
954,"State Of Independence","Donna Summer",1982
955,"I Want It All","Queen",1989
956,"No More Tears","Ozzy Osbourne",1992
957,"One More Time","Daft Punk",2000
958,"Could You Be Loved","Bob Marley & The Wailers",1980
959,"Zij","Marco Borsato",2002
960,"Give It Away","Red Hot Chili Peppers",1992
961,"21 Guns","Green Day",2009
962,"Breakfast In America","Supertramp",1979
963,"Jumping Jack Flash","The Rolling Stones",1968
964,"Breakthru","Queen",1989
965,"The Man Who Sold The World","David Bowie",1970
966,"Self Esteem","The Offspring",1995
967,"You'll Never Walk Alone","Gerry & The Pacemakers",1963
968,"De Bom","Doe Maar",1982
969,"Anyplace, Anywhere, Anytime","Nena & Kim Wilde",2004
970,"Friday I'm In Love","The Cure",1992
971,"25 Or 6 To 4","Chicago",1970
972,"Racing Rats","Editors",2007
973,"She's A Rainbow","The Rolling Stones",1967
974,"Uncertain Smile","The The",1984
975,"It's My Life","Talk Talk",1984
976,"Take Five","Dave Brubeck",1962
977,"Massachusetts","Bee Gees",1967
978,"No Limit","2 Unlimited",1993
979,"Jacob's Song","Douwe Bob",2016
980,"Nightporter","Japan",1980
981,"How To Save A Life","The Fray",2007
982,"Gimme! Gimme! Gimme! (A Man After Midnight)","ABBA",1979
983,"Heart-Shaped Box","Nirvana",1993
984,"MacArthur Park","Donna Summer",1978
985,"The Air That I Breathe","The Hollies",1974
986,"My Sweet Lord","George Harrison",1970
987,"Droomland","André Hazes & Paul de Leeuw",1993
988,"Wanted Dead Or Alive","Bon Jovi",1987
989,"Auto Vliegtuug","Rowwen Hèze",1999
990,"The Reflex","Duran Duran",1984
991,"Empire State Of Mind","Jay-Z & Alicia Keys",2009
992,"Scarborough Fair","Simon & Garfunkel",1966
993,"I Am The Walrus","The Beatles",1967
994,"Help","The Beatles",1965
995,"Yesterday When I Was Young","Charles Aznavour",1970
996,"Het Is Een Nacht (Levensecht...)","Guus Meeuwis & Vagant",1995
997,"Remedy","The Black Crowes",1992
998,"Nightboat To Cairo","Madness",1980
999,"I Would Die 4 U","Prince & The Revolution",1984
1000,"My Generation","The Who",1965
1001,"I Want You To Want Me (Live)","Cheap Trick",1979
1002,"Drops Of Jupiter (Tell Me)","Train",2001
1003,"I Just Can't Help Believin'","Elvis Presley",1972
1004,"Can't Stop Loving You","Phil Collins",2002
1005,"Barracuda","Heart",1977
1006,"Is Dit Alles","Doe Maar",1982
1007,"Human Nature","Michael Jackson",1983
1008,"Smalltown Boy","Bronski Beat",1984
1009,"True Colors","Cyndi Lauper",1986
1010,"The Dolphin's Cry","Live",1999
1011,"I Will Survive","Gloria Gaynor",1979
1012,"El Condor Pasa","Simon & Garfunkel",1970
1013,"De Kapitein Deel II","Acda & De Munnik",2000
1014,"House For Sale","Lucifer",1975
1015,"Alles Is Liefde","Bløf",2007
1016,"Road Trippin'","Red Hot Chili Peppers",1999
1017,"Beds Are Burning","Midnight Oil",1988
1018,"Mijn Vlakke Land","Jacques Brel",1965
1019,"All I Want For Christmas Is You","Mariah Carey",1994
1020,"Personal Jesus","Depeche Mode",1990
1021,"Orinoco Flow","Enya",1988
1022,"1979","Smashing Pumpkins",1996
1023,"Hello","Lionel Richie",1984
1024,"Golden Years","David Bowie",1976
1025,"Roundabout","Yes",1972
1026,"Get Back","The Beatles",1969
1027,"Take The Long Way Home","Supertramp",1979
1028,"Family Portrait","Pink",2003
1029,"Heaven","Bryan Adams",1985
1030,"Undisclosed Desires","Muse",2009
1031,"Bigmouth Strikes Again","The Smiths",1986
1032,"Miracle","Ilse DeLange",2008
1033,"Isn't It Time","The Babys",1977
1034,"Sorry","Nothing But Thieves",2017
1035,"Go With The Flow","Queens Of The Stone Age",2002
1036,"Il Volo","Zucchero Fornaciari",1996
1037,"The Way You Make Me Feel","Michael Jackson",1987
1038,"Oh Well - Part 1","Fleetwood Mac",1969
1039,"Only Time","Enya",2000
1040,"In My Life","The Beatles",1965
1041,"Miss You","The Rolling Stones",1978
1042,"Girl","Anouk",2004
1043,"Two Out Of Three Ain't Bad","Meat Loaf",1977
1044,"Lea","The Cats",1968
1045,"You Give Love A Bad Name","Bon Jovi",1986
1046,"Save A Prayer","Duran Duran",1985
1047,"Shape Of My Heart","Sting",1993
1048,"Red Eyes","War On Drugs",2014
1049,"50 Ways To Leave Your Lover","Paul Simon",1976
1050,"Tranen Gelachen","Guus Meeuwis",2007
1051,"If You Could See Me Now","The Script",2013
1052,"Give A Little Bit","Supertramp",1977
1053,"Drive","R.E.M.",1992
1054,"Smack My Bitch Up","Prodigy",1997
1055,"Purple Haze","Jimi Hendrix Experience",1967
1056,"Let's Go Crazy","Prince & The Revolution",1984
1057,"If You Don't Know Me By Now","Simply Red",1989
1058,"Road To Nowhere","Talking Heads",1985
1059,"Won't Get Fooled Again","The Who",1971
1060,"Driver's Seat","Sniff 'n The Tears",1980
1061,"Pak Maar M'n Hand","Nick & Simon",2007
1062,"Let's Get It On","Marvin Gaye",1973
1063,"Wannabe","Spice Girls",1996
1064,"Why Does My Heart Feel So Bad?","Moby",1999
1065,"L'amour Toujours","Gigi D'agostino",1999
1066,"Time Is Running Out","Muse",2004
1067,"Love Is A Battlefield","Pat Benatar",1984
1068,"Ik Wou Dat Ik Jou Was","Veldhuis & Kemper",2003
1069,"Zwart Wit","Frank Boeijen Groep",1984
1070,"Don't Bring Me Down","Electric Light Orchestra",1979
1071,"I Wish","Stevie Wonder",1977
1072,"Sowing The Seeds Of Love","Tears For Fears",1989
1073,"Bicycle Race","Queen",1978
1074,"I Want It That Way","Backstreet Boys",1999
1075,"Proud Mary","Creedence Clearwater Revival",1969
1076,"Sledgehammer","Peter Gabriel",1986
1077,"Kiss","Prince & The Revolution",1984
1078,"You Ain't Seen Nothing Yet","Bachman-Turner Overdrive",1974
1079,"Unintended","Muse",2009
1080,"Stressed Out","Twenty One Pilots",2016
1081,"Time To Say Goodbye (Con Te Partirò)","Sarah Brightman & Andrea Bocelli",1997
1082,"Walking On The Moon","The Police",1979
1083,"Harvest","Neil Young",1972
1084,"Shut Your Eyes","Snow Patrol",2007
1085,"Someone Somewhere (in Summertime)","Simple Minds",1982
1086,"Wonderful World","Sam Cooke",1960
1087,"Wake Me Up Before You Go-Go","Wham!",1984
1088,"Take A Chance On Me","ABBA",1977
1089,"Run To You","Bryan Adams",1985
1090,"Summertime","Brainbox",1969
1091,"Don't Stop Till You Get Enough","Michael Jackson",1979
1092,"Smoorverliefd","Doe Maar",1981
1093,"Boys Don't Cry","The Cure",1986
1094,"Knowing Me, Knowing You","ABBA",1977
1095,"Storm And Thunder","Earth & Fire",1971
1096,"Firestarter","Prodigy",1996
1097,"Spirit Of Radio","Rush",1980
1098,"I Will Always Love You","Dolly Parton",1983
1099,"When Love Comes To Town","U2 & B.B. King",1989
1100,"Honky Tonk Women","The Rolling Stones",1969
1101,"Tears In The Morning","The Beach Boys",1970
1102,"Dazed And Confused","Led Zeppelin",1969
1103,"Waiting On The World To Change","John Mayer",2006
1104,"Are You Gonna Go My Way","Lenny Kravitz",1993
1105,"Praying For Time","George Michael",1990
1106,"I've Got Dreams To Remember","Otis Redding",1968
1107,"Everybody's Changing","Keane",2004
1108,"By The Way","Red Hot Chili Peppers",2002
1109,"Behind Blue Eyes","Limp Bizkit",2003
1110,"Blitzkrieg Bop","Ramones",1976
1111,"Voltooid Verleden Tijd","Is Ook Schitterend",1997
1112,"Watskeburt","De Jeugd Van Tegenwoordig",2005
1113,"Hey Ya!","Outkast",2004
1114,"Disco Inferno","The Trammps",1977
1115,"The Wall Street Shuffle","10CC",1974
1116,"More Than Words","Extreme",1991
1117,"Dodenrit","Drs. P",1974
1118,"Close To The Edge","Yes",1972
1119,"Red Mij Niet","Maarten van Roozendaal",2001
1120,"N'oubliez Jamais","Joe Cocker",1997
1121,"You Oughta Know","Alanis Morissette",1995
1122,"Moonlight Shadow","Mike Oldfield & Maggie Reilly",1983
1123,"A Change Is Gonna Come","Sam Cooke",1964
1124,"What A Fool Believes","The Doobie Brothers",1978
1125,"Keep On Loving You","REO Speedwagon",1981
1126,"Cambodia","Kim Wilde",1981
1127,"Apache","The Shadows",1960
1128,"Should I Stay Or Should I Go","The Clash",1982
1129,"I Wish It Would Rain Down","Phil Collins",1990
1130,"All I Want","Kodaline",2012
1131,"Follow The Sun","Xavier Rudd",2016
1132,"Close To Me","The Cure",1985
1133,"Mannish Boy","Muddy Waters",1988
1134,"Faded","Alan Walker",2016
1135,"Dancing On My Own","Calum Scott",2016
1136,"She's Leaving Home","The Beatles",1967
1137,"Alors On Danse","Stromae",2010
1138,"Love Me Tender","Elvis Presley",1956
1139,"Glycerine","Bush",1996
1140,"The Promise You Made","Cock Robin",1986
1141,"Just Say Yes","Snow Patrol",2009
1142,"Appleknockers Flophouse","Cuby & The Blizzards",1969
1143,"Water Under The Bridge","Adele",2016
1144,"Tainted Love","Soft Cell",1981
1145,"We All Stand Together","Paul McCartney & The Frog Chorus",1985
1146,"Mr. Blue","Rene Klijn",1993
1147,"Josephine","Chris Rea",1985
1148,"Vertigo","U2",2004
1149,"Streets Of London","Ralph McTell",1972
1150,"Nergens Goed Voor","De Dijk",1989
1151,"Nescio","Nits",1983
1152,"When A Man Loves A Woman","Percy Sledge",1966
1153,"Kom Terug","Spinvis",2012
1154,"Nights On Broadway","Bee Gees",1975
1155,"Glory Box","Portishead",1994
1156,"Harder Better Faster Stronger","Daft Punk",2001
1157,"Biko","Peter Gabriel",1980
1158,"Mary Jane's Last Dance","Tom Petty & The Heartbreakers",1993
1159,"Turning Tables","Adele",2011
1160,"Lucky Man","Emerson Lake & Palmer",1971
1161,"Me Gustas Tu","Manu Chao",2000
1162,"Hilversum 3","Herman van Veen",1984
1163,"Why Worry","Dire Straits",1985
1164,"Hedonism (Just Because You Feel Good)","Skunk Anansie",1997
1165,"Lover Of The Light","Mumford & Sons",2012
1166,"Mad World","Michael Andrews ft. Gary Jules",2002
1167,"Zing Voor Me","Lange Frans & Thé Lau",2010
1168,"Touch Me","The Doors",1969
1169,"The Rising","Bruce Springsteen",2002
1170,"Changes","David Bowie",1971
1171,"Animals","Martin Garrix",2013
1172,"The Life I Live","Q65",1966
1173,"Mooi Liedje","Acda & De Munnik",1997
1174,"Lego House","Ed Sheeran",2012
1175,"Midnight Rambler","The Rolling Stones",1969
1176,"Non, Non, Rien N'a Changé","Poppys",1971
1177,"When I Was Your Man","Bruno Mars",2013
1178,"Believer","Imagine Dragons",2017
1179,"We Come 1","Faithless",2001
1180,"When The Sun Goes Down","Arctic Monkeys",2006
1181,"San Francisco","Scott McKenzie",1967
1182,"Gold","Spandau Ballet",1983
1183,"One Vision","Queen",1985
1184,"Une Belle Histoire / Een Mooi Verhaal","Alderliefste & Paul de Leeuw",2006
1185,"Wouldn't It Be Nice","The Beach Boys",1966
1186,"Back Down South","Kings Of Leon",2010
1187,"Papa, Can You Hear Me?","Barbra Streisand",1983
1188,"All My Life","Foo Fighters",2002
1189,"Titanium","David Guetta ft. Sia",2011
1190,"Candy","Iggy Pop & Kate Pierson",1990
1191,"The First Time Ever I Saw Your Face","Roberta Flack",1972
1192,"Do They Know It's Christmas?","Band Aid",1984
1193,"Give Up Your Guns","The Buoys",1972
1194,"Fernando","ABBA",1975
1195,"Talk","Coldplay",2005
1196,"Dear Mama","2Pac",1998
1197,"Speed Of Sound","Coldplay",2005
1198,"Born On The Bayou","Creedence Clearwater Revival",1969
1199,"Tragedy","Bee Gees",1979
1200,"The Living Years","Mike & The Mechanics",1989
1201,"He Ain't Heavy He's My Brother","The Hollies",1969
1202,"De Waarheid","Marco Borsato",1996
1203,"L.A. Song (Out Of This Town)","Beth Hart",1999
1204,"I Started A Joke","Bee Gees",1969
1205,"All You Need Is Love","The Beatles",1967
1206,"You'll Never Walk Alone","Lee Towers",1976
1207,"Fire And Rain","James Taylor",1970
1208,"Theme From Harry's Game","Clannad",1983
1209,"On Top Of The World","Imagine Dragons",2013
1210,"Walking In Memphis","Marc Cohn",1991
1211,"Faster","Within Temptation",2011
1212,"Vluchten Kan Niet Meer","Frans Halsema & Jenny Arean",1977
1213,"Around The World","Daft Punk",1997
1214,"Traffic","Tiesto",2003
1215,"Both Sides Now","Joni Mitchell",1967
1216,"Love Yourself","Justin Bieber",2015
1217,"The Book Of Love","Gavin James",2015
1218,"Scarlet Ribbons","The Cats",1969
1219,"Somebody Will Know Someday","Cuby & The Blizzards",1967
1220,"Livin' Thing","Electric Light Orchestra",1976
1221,"Wit Licht","Jeroen van Koningsbrugge",2015
1222,"Live To Tell","Madonna",1986
1223,"Going To A Town","Rufus Wainwright",2007
1224,"Stuck In The Middle With You","Stealers Wheel",1973
1225,"Handle With Care","Traveling Wilburys",1988
1226,"It's A Man's Man's Man's World","James Brown",1966
1227,"Mia","Gorki",1992
1228,"Alie","Normaal",1977
1229,"Black Velvet","Alannah Myles",1990
1230,"Big Log","Robert Plant",1983
1231,"Night Fever","Bee Gees",1978
1232,"De Weg","Guus Meeuwis",2005
1233,"Burning Love","Elvis Presley",1972
1234,"Listen To Your Heart","Roxette",1988
1235,"Maggie May","Rod Stewart",1971
1236,"Listen","Beyoncé",2007
1237,"The Jean Genie","David Bowie",1973
1238,"Daughter","Pearl Jam",1993
1239,"Dust Bowl","Joe Bonamassa",2011
1240,"Shiny Happy People","R.E.M.",1991
1241,"Sgt Pepper's Lonely Hearts Club Band","The Beatles",1967
1242,"Promises Of No Man's Land","Blaudzun",2014
1243,"My Heart Will Go On (Love Theme From 'Tittanic')","Céline Dion",1998
1244,"Het Land Van...","Lange Frans & Baas B",2005
1245,"Fireflies","Owl City",2009
1246,"Roof Garden","Al Jarreau",1982
1247,"One More Light","Linkin Park",2016
1248,"Lessons In Love","Level 42",1986
1249,"Move On Up","Curtis Mayfield",1971
1250,"Ich Bin Wie Du","Marianne Rosenberg",1976
1251,"Clown","Emeli Sandé",2012
1252,"Let's Stay Together","Al Green",1971
1253,"Mercy","Muse",2015
1254,"I Can't Make You Love Me","Bonnie Raitt",1991
1255,"Every Teardrop Is A Waterfall","Coldplay",2011
1256,"Long As I Can See The Light","Creedence Clearwater Revival",1970
1257,"This Town","Niall Horan",2016
1258,"Broken Wings","Mr. Mister",1986
1259,"Ik Leef Niet Meer Voor Jou","Marco Borsato",1996
1260,"Off The Wall","Michael Jackson",1979
1261,"Feeling Good","Michael Bublé",2004
1262,"Somebody Told Me","The Killers",2004
1263,"Calypso","John Denver",1975
1264,"Cry Baby","Janis Joplin",1971
1265,"Happiness","Jonathan Jeremiah",2011
1266,"You Took The Words Right Out Of My Mouth","Meat Loaf",1979
1267,"Bagagedrager","Spinvis",2002
1268,"The Less I Know The Better","Tame Impala",2015
1269,"Hold Me","Anouk & Douwe Bob",2015
1270,"Midnight Train To Georgia","Gladys Knight & The Pips",1973
1271,"Als Het Golft","De Dijk",2000
1272,"It's A Long Way There","Little River Band",1976
1273,"Refugee","Tom Petty & The Heartbreakers",1980
1274,"After Midnight","J.J. Cale",1972
1275,"Maybe Tomorrow","Stereophonics",2003
1276,"Down Man","Brainbox",1969
1277,"Het Land Van Maas En Waal","Boudewijn de Groot",1967
1278,"Learning To Fly","Tom Petty & The Heartbreakers",1991
1279,"Jerusalem","Anouk",2005
1280,"The Way We Were","Barbra Streisand",1973
1281,"Gangsta's Paradise","Coolio ft. L.V.",1995
1282,"Magnificent (She Says)","Elbow",2016
1283,"Wat Zou Je Doen","Bløf",1998
1284,"Mr. Bojangles","Sammy Davis Jr.",1972
1285,"De Neus Umhoeg","Rowwen Hèze",1995
1286,"Raise Your Glass","Pink",2010
1287,"It Was A Very Good Year","Frank Sinatra",1965
1288,"Sammy","Ramses Shaffy",1966
1289,"Fluorescent Adolescent","Arctic Monkeys",2007
1290,"I Want You","Bob Dylan",1966
1291,"Back Home","Golden Earring",1970
1292,"Food For Thought","UB40",1980
1293,"Lovely Day","Bill Withers",1978
1294,"Vriendschap","Het Goede Doel",1983
1295,"Mull Of Kintyre","Paul McCartney & Wings",1977
1296,"Don't Answer Me","The Alan Parsons Project",1984
1297,"Lola (live)","The Kinks",1980
1298,"Mirrors","Justin Timberlake",2013
1299,"Sex Machine","James Brown",1970
1300,"Isn't She Lovely","Stevie Wonder",1976
1301,"Times Like These","Foo Fighters",2002
1302,"Because The Night","Patti Smith Group",1978
1303,"Can't Get It Out Of My Head","Electric Light Orchestra",1975
1304,"Let The River In","Dotan",2015
1305,"Casser La Voix (Live)","Patrick Bruel",1992
1306,"Pure Morning","Placebo",1999
1307,"Aanzoek Zonder Ringen","Bløf",2007
1308,"Damn Those Eyes","Kane",1999
1309,"Goodbye My Lover","James Blunt",2005
1310,"Things We Lost In The Fire","Bastille",2013
1311,"You Can Leave Your Hat On","Joe Cocker",1986
1312,"Looking Too Closely","Fink",2014
1313,"All Star","Smash Mouth",1999
1314,"Wild Rover","Dubliners",1964
1315,"As Tears Go By","The Rolling Stones",1966
1316,"The Day After Tomorrow","Saybia",2002
1317,"Sailing To Philadelphia","Mark Knopfler & James Taylor",2000
1318,"Le Freak","Chic",1978
1319,"Times Are Changing","Di-Rect",2009
1320,"You're Beautiful","James Blunt",2005
1321,"Mandy","Barry Manilow",1974
1322,"Watermensen","3JS",2008
1323,"Fame","David Bowie",1975
1324,"Rockin' All Over The World","Status Quo",1977
1325,"Live Forever","Oasis",1994
1326,"Sloop John B","The Beach Boys",1966
1327,"Spicks And Specks","Bee Gees",1967
1328,"Hide In Your Shell","Supertramp",1974
1329,"7 Seconds","Youssou N'Dour & Neneh Cherry",1994
1330,"We Belong To The Night","Ellen Foley",1979
1331,"Run To The Water","Live",2000
1332,"Feeling Good","Nina Simone",1965
1333,"Live And Let Die","Paul McCartney & Wings",1973
1334,"Moon Over Bourbon Street","Sting",1985
1335,"The Greatest","Sia",2016
1336,"Pa","Doe Maar",1983
1337,"Song Of The Marching Children","Earth & Fire",1971
1338,"On The Road Again","Canned Heat",1968
1339,"San Quentin (live At San Quentin)","Johnny Cash",1969
1340,"Don't Leave Me This Way","The Communards",1986
1341,"Terug Naar De Kust","Maggie MacNeal",1976
1342,"Heartbreak Warfare","John Mayer",2010
1343,"Up & Up","Coldplay",2016
1344,"Just The Way You Are","Bruno Mars",2010
1345,"Mensch","Herbert Grönemeyer",2004
1346,"Despacito","Louis Fonsi & Daddy Yankee",2017
1347,"Liquid Spirit","Gregory Porter",2015
1348,"Guitar Man","Elvis Presley",1972
1349,"Little Red Rooster","The Rolling Stones",1965
1350,"The Blower's Daughter","Damien Rice",2004
1351,"Working Class Hero","John Lennon",1970
1352,"Call Me The Breeze","J.J. Cale",1971
1353,"One Moment In Time","Whitney Houston",1988
1354,"Tell Him","Barbra Streisand & Céline Dion",1997
1355,"Stir It Up","Bob Marley & The Wailers",1979
1356,"Voor Ik Vergeet","Spinvis",2002
1357,"Blue Hotel","Chris Isaak",1987
1358,"Always On My Mind","Willie Nelson",1984
1359,"A Ton Of Love","Editors",2013
1360,"Boys Are Back In Town","Thin Lizzy",1976
1361,"Stranger In Moscow","Michael Jackson",1996
1362,"In Dreams","Roy Orbison",1963
1363,"She Will Be Loved","Maroon 5",2004
1364,"Royals","Lorde",2013
1365,"Jump Around","House Of Pain",1992
1366,"Speeltuin","Marco Borsato",1998
1367,"Twist In My Sobriety","Tanita Tikaram",1988
1368,"Fly Like An Eagle","Steve Miller Band",1976
1369,"Europa (Earth's Cry, Heaven's Smile)","Santana",1977
1370,"Yours Is No Disgrace","Yes",1971
1371,"Tiny Dancer","Elton John",1971
1372,"Same Love","Macklemore & Ryan Lewis",2013
1373,"Black Night","Deep Purple",1970
1374,"A Long December","Counting Crows",1996
1375,"Anarchy In The Uk","Sex Pistols",1977
1376,"Relax","Frankie Goes To Hollywood",1984
1377,"It's The End Of The World As We Know It (And I Feel Fine)","R.E.M.",1987
1378,"On The Border","Al Stewart",1977
1379,"The Eve Of The War","Jeff Wayne & Justin Hayward",1978
1380,"I'm Yours","Jason Mraz",2008
1381,"The Unforgiven III","Metallica",2008
1382,"Under My Thumb","The Rolling Stones",1966
1383,"All The Small Things","Blink 182",1999
1384,"Don't Let Me Be Misunderstood","Santa Esmeralda",1977
1385,"Guilty","Barbra Streisand",1980
1386,"Hungry Heart","Bruce Springsteen",1980
1387,"Forbidden Colours","David Sylvian",1983
1388,"Sky And Sand","Paul Kalkbrenner",2008
1389,"Songbird","Eva Cassidy",1998
1390,"Where Do You Go To My Lovely","Peter Sarstedt",1969
1391,"God Put A Smile Upon Your Face","Coldplay",2002
1392,"Vogue","Madonna",1990
1393,"Sir Duke","Stevie Wonder",1977
1394,"Sylvia","Focus",1972
1395,"Diane","Therapy?",1995
1396,"In My Place","Coldplay",2002
1397,"Holiday","Green Day",2005
1398,"Good Grief","Bastille",2016
1399,"Cocaine","J.J. Cale",1973
1400,"Show Me The Way","Peter Frampton",1976
1401,"Mushanga","Toto",1988
1402,"Numb","Linkin Park",2003
1403,"In The Year 2525","Zager & Evans",1969
1404,"Big Love","Fleetwood Mac",1987
1405,"My Baby Just Cares For Me","Nina Simone",1987
1406,"Love In An Elevator","Aerosmith",1989
1407,"September Morn'","Neil Diamond",1979
1408,"Send Me An Angel","Scorpions",1991
1409,"Angel Of Harlem","U2",1988
1410,"Beast Of Burden","Bette Midler",1984
1411,"Big In Japan","Alphaville",1984
1412,"Love Her Madly","The Doors",1971
1413,"Binnen","Marco Borsato",1999
1414,"Are You Lonesome Tonight","Elvis Presley",1960
1415,"If I Were A Boy","Beyoncé",2008
1416,"Beautiful People","Melanie",1969
1417,"Burning Heart","Vandenberg",1983
1418,"Love Shack","The B-52's",1989
1419,"Human Touch","Bruce Springsteen",1992
1420,"Wicked Way","Waylon",2009
1421,"Perhaps Love","John Denver",1981
1422,"Relight My Fire","Dan Hartman",1980
1423,"Ordinary People","John Legend",2005
1424,"(Something Inside) So Strong","Labi Siffre",1987
1425,"Verdammt Ich Lieb' Dich","Matthias Reim",1990
1426,"Get Ready","Rare Earth",1970
1427,"Heathens","Twenty One Pilots",2016
1428,"Lady D'Arbanville","Cat Stevens",1970
1429,"Bird Of Paradise","Snowy White",1984
1430,"Memories","Earth & Fire",1972
1431,"Feeling Good","Muse",2001
1432,"So Incredible","Ilse DeLange",2008
1433,"Everybody (Backstreet's Back)","Backstreet Boys",1997
1434,"No Rain","Blind Melon",1993
1435,"An American Trilogy","Elvis Presley",1972
1436,"Need You Now","Lady Antebellum",2010
1437,"New York Minute","Don Henley",1989
1438,"The Way It Is","Bruce Hornsby & The Range",1986
1439,"Nathalie","Gilbert Becaud",1964
1440,"Always Look On The Bright Side Of Life","Monty Python",1981
1441,"Sure Know Something","Kiss",1979
1442,"Pumped Up Kicks","Foster The People",2011
1443,"Les Lacs Du Connemara","Michel Sardou",1982
1444,"Beautiful Goodbye","Amanda Marshall",1995
1445,"Without Me","Eminem",2002
1446,"You Win Again","Bee Gees",1987
1447,"Let It Go","James Bay",2015
1448,"Novocaine For The Soul","Eels",1996
1449,"Ruby","Kaiser Chiefs",2007
1450,"Hall Of Fame","The Script & Will.i.am",2012
1451,"Rosie","Claw Boys Claw",1992
1452,"Tous Les Memes","Stromae",2013
1453,"Mijn Van Straat Geredde Roos","De Dijk",2008
1454,"Try Again","Chef'Special",2017
1455,"Roadhouse Blues","The Doors",1970
1456,"I Won't Let You Down","PHD",1981
1457,"Shut Up And Dance","Walk The Moon",2014
1458,"The Joker","Steve Miller Band",1973
1459,"It's A Sin","Pet Shop Boys",1987
1460,"Oxygene IV","Jean Michel Jarre",1977
1461,"The Devil Went Down To Georgia","Charlie Daniels Band",1979
1462,"Why","Annie Lennox",1992
1463,"You Have Been Loved","George Michael",1997
1464,"Intergalactic","Beastie Boys",1998
1465,"Praise You","Fatboy Slim",1998
1466,"One Of Us","ABBA",1981
1467,"At Seventeen","Janis Ian",1975
1468,"No Son Of Mine","Genesis",1991
1469,"Waterloo Sunset","The Kinks",1967
1470,"Cecilia","Simon & Garfunkel",1970
1471,"Sylvia's Mother","Dr. Hook",1972
1472,"Freestyler","Bomfunk MC's",2000
1473,"Smooth","Santana ft. Rob Thomas",1999
1474,"Forever Autumn","Jeff Wayne & Justin Hayward",1978
1475,"Weekend","Earth & Fire",1979
1476,"Into Temptation","Crowded House",1989
1477,"The Drugs Don't Work","The Verve",1997
1478,"Wheels","Foo Fighters",2009
1479,"De Bestemming","Marco Borsato",1998
1480,"Round Here","Counting Crows",1993
1481,"Blinded By The Light","Manfred Mann's Earth Band",1976
1482,"Hold Back The River","James Bay",2014
1483,"Sing","Ed Sheeran",2014
1484,"How Can We Hang On To A Dream","Tim Hardin",1967
1485,"Let The Music Play","Barry White",1976
1486,"Stuck In A Moment","U2",2000
1487,"Dynamite","Mud",1974
1488,"Like The Way I Do (live) Edit","Melissa Etheridge",1993
1489,"Weather With You","Crowded House",1992
1490,"Love Rears Its Ugly Head","Living Colour",1990
1491,"Mmm Mmm Mmm Mmm","Crash Test Dummies",1994
1492,"Breakeven","The Script",2008
1493,"For No One","The Beatles",1966
1494,"Try A Little Tenderness","Otis Redding",1966
1495,"Time After Time","Cyndi Lauper",1984
1496,"Long Train Runnin'","The Doobie Brothers",1973
1497,"Hart Van Mijn Gevoel","De Kast",1999
1498,"Kids","Mgmt",2008
1499,"Love Is All","Roger Glover & Guests",1975
1500,"Theme From 'New York, New York'","Frank Sinatra",1980
1501,"Break On Through (To The Other Side)","The Doors",1967
1502,"Sometimes You Can't Make It On Your Own","U2",2004
1503,"Rock With You","Michael Jackson",1979
1504,"Be The One","Dua Lipa",2016
1505,"Spanish Stroll","Mink DeVille",1977
1506,"Banger Hart","Rob de Nijs",1996
1507,"I'll Have To Say I Love You In A Song","Jim Croce",1974
1508,"Pamela","Toto",1988
1509,"Rosalyn","Vitesse",1982
1510,"7 Years","Lukas Graham",2015
1511,"Rumour Has It","Adele",2011
1512,"Sing For Absolution","Muse",2004
1513,"Drive","The Cars",1984
1514,"No Sleep Till Brooklyn","Beastie Boys",1987
1515,"Bad Romance","Lady Gaga",2009
1516,"City Of Blinding Lights","U2",2004
1517,"Wanna Be Startin' Something","Michael Jackson",1983
1518,"God Save The Queen","Sex Pistols",1977
1519,"Vlieg Met Me Mee","Paul de Leeuw",1992
1520,"Wonderful Life","Black",1987
1521,"Voulez-Vous","ABBA",1979
1522,"Thank You","Alanis Morissette",1998
1523,"Fairground","Simply Red",1995
1524,"Sweet Disposition","The Temper Trap",2009
1525,"West End Girls","Pet Shop Boys",1986
1526,"The Second You Sleep","Saybia",2002
1527,"Little Talks","Of Monsters And Men",2012
1528,"Stiekem Gedanst","Toontje Lager",1983
1529,"True Love That's A Wonder","Sandy Coast",1971
1530,"You Don't Bring Me Flowers","Barbra Streisand & Neil Diamond",1978
1531,"The Name Of The Game","ABBA",1977
1532,"Three Days In A Row","Anouk",2009
1533,"One Day I'll Fly Away","Randy Crawford",1980
1534,"In Between Days","The Cure",1985
1535,"Life In Technicolor II","Coldplay",2009
1536,"Jessica","The Allman Brothers Band",1976
1537,"Love On Top","Beyoncé",2011
1538,"Mercy","Shawn Mendes",2016
1539,"Dancing With Tears In My Eyes","Ultravox",1984
1540,"I Surrender","Saybia",2004
1541,"Counting Stars","One Republic",2013
1542,"Down On The Corner","Creedence Clearwater Revival",1969
1543,"Scenes From An Italian Restaurant","Billy Joel",1977
1544,"A Thing Called Love","Johnny Cash",1972
1545,"Will You Be There","Michael Jackson",1993
1546,"Heavy Cross","Gossip",2009
1547,"Politik","Coldplay",2002
1548,"Winter In Hamburg","Frank Boeijen Groep",1987
1549,"Sorry Seems To Be The Hardest Word","Elton John",1976
1550,"Rooster","Alice In Chains",1992
1551,"I'm Not So Tough","Ilse DeLange",1998
1552,"It's All Over Now","The Rolling Stones",1964
1553,"Still Crazy After All These Years","Paul Simon",1975
1554,"Gold On The Ceiling","The Black Keys",2011
1555,"I Wanna Dance With Somebody (Who Loves Me)","Whitney Houston",1987
1556,"Why Can't This Be Love","Van Halen",1987
1557,"Do It Again","Steely Dan",1972
1558,"Senza Una Donna","Zucchero Fornaciari ft. Paul Young",1988
1559,"(They Long To Be) Close To You","Carpenters",1970
1560,"R U Kiddin' Me","Anouk",1999
1561,"A Face In The Crowd","Tom Petty",1990
1562,"Into The Great Wide Open","Tom Petty & The Heartbreakers",1992
1563,"No Ordinary Love","Sade",1992
1564,"Fox On The Run","The Sweet",1975
1565,"New Shoes","Paolo Nutini",2006
1566,"White Flag","Dido",2003
1567,"Make Me Smile (Come Up And See Me)","Steve Harley & Cockney Rebel",1975
1568,"Summertime","Ella Fitzgerald & Louis Armstrong",1957
1569,"Bend And Break","Keane",2005
1570,"MacArthur Park","Richard Harris",1968
1571,"Malle Babbe","Rob de Nijs",1975
1572,"Mijn Gebed","DC Lewis",1970
1573,"Love On The Rocks","Neil Diamond",1980
1574,"California Love","2Pac ft. Dr. Dre",1996
1575,"Carry On","Crosby, Stills, Nash & Young",1970
1576,"Time Is On My Side","The Rolling Stones",1965
1577,"Cry Me A River","Justin Timberlake",2002
1578,"Monkey Gone To Heaven","Pixies",1989
1579,"Goodbye Stranger","Supertramp",1979
1580,"Don't Go","Yazoo",1982
1581,"Reflektor","Arcade Fire",2013
1582,"There Must Be An Angel","Eurythmics",1985
1583,"Brilliant Disguise","Bruce Springsteen",1987
1584,"Late In The Evening","Paul Simon",1980
1585,"Farewell To The Fairground","White Lies",2009
1586,"Mr. Tambourine Man","The Byrds",1965
1587,"The Saints Are Coming","U2 & Green Day",2006
1588,"That Was Yesterday","Foreigner",1985
1589,"Marian","The Cats",1969
1590,"Bad","Michael Jackson",1983
1591,"Still Believe","Herman Brood & His Wild Romance",1978
1592,"Kijk Omhoog","Nick & Simon",2007
1593,"A Hard Day's Night","The Beatles",1964
1594,"Duel (Eye To Eye)","Propaganda",1985
1595,"No Surrender","Kane",2009
1596,"Too Much Love Will Kill You","Brian May",1992
1597,"Catch & Release","Matt Simons",2014
1598,"Children","Robert Miles",1996
1599,"La Vie En Rose","Grace Jones",1977
1600,"Two Tribes","Frankie Goes To Hollywood",1984
1601,"Diggin","Kovacs",2015
1602,"This Is My Life","Shirley Bassey",1979
1603,"Dakota","Stereophonics",2005
1604,"Violet Hill","Coldplay",2008
1605,"Dromen Zijn Bedrog","Marco Borsato",1994
1606,"Single Ladies (Put A Ring On It)","Beyoncé",2008
1607,"I'm A Believer","The Monkees",1966
1608,"Sexy Als Ik Dans","Nielson",2014
1609,"Bullet With Butterfly Wings","Smashing Pumpkins",1995
1610,"Crazy","Aerosmith",1993
1611,"Bestel Mar","Rowwen Hèze",1992
1612,"You Can't Hurry Love","Phil Collins",1982
1613,"Overture","The Who",1969
1614,"Georgia On My Mind","Ray Charles",1960
1615,"Ventura Highway","America",1972
1616,"So Far Away","Dire Straits",1985
1617,"S.O.S.","ABBA",1975
1618,"Virtual Insanity","Jamiroquai",1996
1619,"Gute Nacht Freunde","Reinhard Mey",1974
1620,"Babel","Mumford & Sons",2013
1621,"Reelin' In The Years","Steely Dan",1973
1622,"Greatest Love Of All","Whitney Houston",1986
1623,"Don't Stand So Close To Me","The Police",1980
1624,"Rappers Delight","Sugarhill Gang",1979
1625,"Diamonds And Pearls","Prince & The New Power Generation",1991
1626,"Born To Be Alive","Patrick Hernandez",1979
1627,"Parijs","Kenny B.",2015
1628,"One Love / People Get Ready","Bob Marley & The Wailers",1984
1629,"Swim With Sam","A Balladeer",2006
1630,"Meester Prikkebeen","Boudewijn de Groot",1968
1631,"Killing Me Softly","Fugees",1996
1632,"Sunshine Of Your Love","Cream",1968
1633,"Skinny Love","Birdy",2011
1634,"Hard To Handle","The Black Crowes",1990
1635,"Ode To My Family","The Cranberries",1995
1636,"Done With It","Kensington",2015
1637,"Honesty","Billy Joel",1979
1638,"Forever Man","Eric Clapton",1985
1639,"Foolish Games","Jewel",1997
1640,"Into The Mystic","Van Morrison",1970
1641,"Walk This Way","Run DMC & Aerosmith",1986
1642,"Don't You Want Me","The Human League",1982
1643,"Grace","Jeff Buckley",1994
1644,"World Of Hurt","Ilse DeLange",1998
1645,"Poker Face","Lady Gaga",2009
1646,"Love Is All Around","Wet Wet Wet",1994
1647,"Rock And Roll","Led Zeppelin",1971
1648,"Hero","Family Of The Year",2014
1649,"You're The Devil In Disguise","Elvis Presley",1963
1650,"When I Come Around","Green Day",1995
1651,"Roar","Katy Perry",2013
1652,"Eyes Without A Face","Billy Idol",1984
1653,"Sunrise","Norah Jones",2004
1654,"I Sat By The Ocean","Queens Of The Stone Age",2013
1655,"Original Sin","INXS",1984
1656,"Unbeschreiblich Weiblich","Nina Hagen",1979
1657,"In These Arms","Bon Jovi",1993
1658,"Shake It Off","Taylor Swift",2014
1659,"La Isla Bonita","Madonna",1987
1660,"You Don't Fool Me","Queen",1996
1661,"Living Doll","Cliff Richard & The Young Ones",1986
1662,"I'll Be Over You","Toto",1986
1663,"Easy Lover","Philip Bailey & Phil Collins",1985
1664,"Galvanize","The Chemical Brothers",2005
1665,"Twist And Shout","The Beatles",1963
1666,"Annabel","Hans de Booij",1983
1667,"Love Games","Level 42",1981
1668,"Real Slim Shady","Eminem",2000
1669,"Monday Monday","The Mamas & The Papas",1966
1670,"Love Never Felt So Good","Michael Jackson & Justin Timberlake",2014
1671,"Slow Song","Joe Jackson",1982
1672,"Intro / Sweet Jane","Lou Reed",1974
1673,"It's Over","Level 42",1987
1674,"Iederene Hef Een Reden","Bökkers",2016
1675,"Cleanin' Out My Closet","Eminem",2002
1676,"The Road To Mandalay","Robbie Williams",2001
1677,"Yesterday Once More","Carpenters",1973
1678,"Girl You'll Be A Woman Soon","Neil Diamond",1971
1679,"Maybe I'm Amazed","Wings",1977
1680,"Don't Look Back","Boston",1978
1681,"No Good (Start The Dance)","Prodigy",1994
1682,"Still In Love With You","Thin Lizzy",1974
1683,"Rendez-Vous 6:02","UK",1979
1684,"Leef","Andre Hazes Jr.",2016
1685,"Sunny Afternoon","The Kinks",1966
1686,"Budapest","George Ezra",2014
1687,"Loser","Beck",1994
1688,"Invisible Touch","Genesis",1986
1689,"Galway Girl","Ed Sheeran",2017
1690,"As","George Michael & Mary J Blige",1999
1691,"Tom Traubert's Blues","Tom Waits",1976
1692,"How Soon Is Now","The Smiths",1984
1693,"Right Next Door","The Robert Cray Band",1987
1694,"Wild Places","Duncan Browne",1979
1695,"For What It's Worth","Buffalo Springfield",1967
1696,"Long Way Back","Young Gun Silver Fox",2016
1697,"I Feel It Coming","The Weeknd & Daft Punk",2016
1698,"Just Like A Woman","Bob Dylan",1966
1699,"Beautiful People","Marilyn Manson",1996
1700,"Don't Forget To Remember","Bee Gees",1969
1701,"Charlie Brown","Coldplay",2011
1702,"Heart Of Glass","Blondie",1979
1703,"I Want To Hold Your Hand","The Beatles",1964
1704,"Hijo De La Luna","Mecano",1990
1705,"Ocean Of Night","Editors",2015
1706,"Als De Dag Van Toen","Reinhard Mey",1975
1707,"Love And Hate","Michael Kiwanuka",2016
1708,"Young Americans","David Bowie",1975
1709,"All Of My Heart","ABC",1982
1710,"Love Is The Drug","Roxy Music",1976
1711,"Domino","Clouseau",1990
1712,"Somebody To Love","Jefferson Airplane",1970
1713,"The Magnificent Seven","The Clash",1980
1714,"Skandal Im Sperrbezirk","Spider Murphy Gang",1982
1715,"Amsterdam","Nothing But Thieves",2017
1716,"Elevation","U2",2001
1717,"Magnificent","U2",2009
1718,"If There Is Something","Roxy Music",1972
1719,"Dancin' Fool","Frank Zappa",1979
1720,"Famous Blue Raincoat","Leonard Cohen",1971
1721,"The Highways Of My Life","The Isley Brothers",1973
1722,"Feel Like Making Love","Bad Company",1975
1723,"A Town Called Malice","The Jam",1980
1724,"Eve Of Destruction","Barry McGuire",1965
1725,"Kalverliefde","Robert Long",1974
1726,"I've Got You Under My Skin","Frank Sinatra",1956
1727,"Grounds For Divorce","Elbow",2008
1728,"Voir Un Ami Pleurer","Jacques Brel",1961
1729,"It's Raining Men","Weather Girls",1983
1730,"Can You Feel The Love Tonight","Elton John",1994
1731,"Stars","Simply Red",1991
1732,"Sorry","Justin Bieber",2015
1733,"It Must Have Been Love","Roxette",1990
1734,"Superheroes","The Script",2014
1735,"Needle And The Damage Done","Neil Young",1972
1736,"White Wedding","Billy Idol",1982
1737,"I Can't Dance","Genesis",1992
1738,"With You","Matt Simons",2013
1739,"Let's Stick Together","Bryan Ferry",1976
1740,"We Can Work It Out","The Beatles",1965
1741,"This Is The Last Time","Keane",2005
1742,"Diamonds","Rihanna",2012
1743,"The Hardest Part","Coldplay",2006
1744,"Louise","Jett Rebel",2014
1745,"Hey Boy Hey Girl","The Chemical Brothers",1999
1746,"Gloria","Them",1967
1747,"Accidentally In Love","Counting Crows",2004
1748,"I've Been Loving You Too Long","Otis Redding",1965
1749,"Lost","Coldplay",2008
1750,"Take Your Time Girl","Niels Geusebroek",2013
1751,"Can't Stand Losing You","The Police",1979
1752,"Grenade","Bruno Mars",2010
1753,"Home Again","Michael Kiwanuka",2012
1754,"Woman From Tokyo","Deep Purple",1973
1755,"Need You Tonight","INXS",1987
1756,"Across The Universe","The Beatles",1970
1757,"Ik Heb Je Lief","Stef Bos",1992
1758,"'n Beetje Verliefd","André Hazes",1981
1759,"Old Town","Phil Lynott",1982
1760,"Love Of The Common People","Paul Young",1984
1761,"Working On A Dream","Bruce Springsteen",2008
1762,"We Didn't Start The Fire","Billy Joel",1989
1763,"I Predict A Riot","Kaiser Chiefs",2005
1764,"Finding Out More","Haevn",2015
1765,"Wishful Thinking","China Crisis",1984
1766,"Crazy","Gnarls Barkley",2006
1767,"Beast Of Burden","The Rolling Stones",1978
1768,"Stitches","Shawn Mendes",2015
1769,"Peaceful Easy Feelin'","Eagles",1972
1770,"Tonight Tonight","Smashing Pumpkins",1995
1771,"When I'm Sixty Four","The Beatles",1967
1772,"Uptown Girl","Billy Joel",1983
1773,"She's The One","Robbie Williams",1999
1774,"Nur Geträumt","Nena",1983
1775,"The Sun Always Shines On T.V.","A-Ha",1986
1776,"Rivers Of Babylon","Boney M",1978
1777,"Seven Days In Sunny June","Jamiroquai",2005
1778,"Stay","Rihanna ft. Mikky Ekko",2013
1779,"Hemingway","Bløf",2007
1780,"Every Kinda People","Robert Palmer",1978
1781,"Always On The Run","Lenny Kravitz",1991
1782,"Oh, Pretty Woman","Roy Orbison",1964
1783,"Nothing Really Matters","Mr. Probz",2014
1784,"Run The World (Girls)","Beyoncé",2011
1785,"I Saw Her Standing There","The Beatles",1963
1786,"Starlight Dancer","Kayak",1977
1787,"Met Hart En Ziel","Tröckener Kecks",1990
1788,"Writing’s On The Wall","Sam Smith",2015
1789,"Een Meisje Van 16","Boudewijn de Groot",1965
1790,"Hotellounge","Deus",1994
1791,"Strangers In The Night","Frank Sinatra",1966
1792,"Rikki Don't Lose That Number","Steely Dan",1974
1793,"Song Sung Blue","Neil Diamond",1972
1794,"Wêr Bisto","Twarres",2000
1795,"Go West","Pet Shop Boys",1993
1796,"What Is Love","Haddaway",1992
1797,"Black Dog","Led Zeppelin",1971
1798,"Sadeness Part 1","Enigma",1990
1799,"In The Name Of Love","Martin Garrix & Bebe Rexha",2016
1800,"The Sweetest Taboo","Sade",1985
1801,"Home","Michael Bublé",2004
1802,"Daniel","Elton John",1973
1803,"La Solitudine","Laura Pausini",1993
1804,"'n Vriend","André Hazes",1980
1805,"Super Trouper","ABBA",1980
1806,"Hey There Delilah","Plain White T's",2007
1807,"Here There And Everywhere","The Beatles",1966
1808,"Times Were When","The Cats",1968
1809,"Oye Como Va","Santana",1971
1810,"Magic Man","Heart",1976
1811,"I'll Find My Way Home","Jon & Vangelis",1982
1812,"I've Just Lost Somebody","Golden Earring",1968
1813,"I Won't Back Down","Tom Petty",1989
1814,"Open Je Ogen","Bløf",2014
1815,"Three Times A Lady","Commodores",1978
1816,"Green Green Grass Of Home","Tom Jones",1966
1817,"Jealous Guy","Roxy Music",1981
1818,"Cryin'","Aerosmith",1993
1819,"We Used To Wait","Arcade Fire",2010
1820,"Tuesday Afternoon","The Moody Blues",1968
1821,"Everything For Free","K's Choice",1998
1822,"Tin Soldier","Small Faces",1968
1823,"Witchy Woman","Eagles",1972
1824,"Je Veux De L'amour","Raymond Van Het Groenewoud",1980
1825,"Waarom Nou Jij","Marco Borsato",1994
1826,"Tumble And Fall","Johan",2001
1827,"Take My Breath Away","Berlin",1986
1828,"Don't Know Why","Norah Jones",2002
1829,"High And Dry","Radiohead",1995
1830,"I Want You Back","The Jackson Five",1970
1831,"Ain't No Mountain High Enough","Marvin Gaye & Tammi Terrell",1967
1832,"Suicide Blonde","INXS",1990
1833,"Up Where We Belong","Joe Cocker & Jennifer Warnes",1982
1834,"Weekend Love","Golden Earring",1979
1835,"A Little Less Conversation","Elvis Vs JXL",2002
1836,"Mad World","Tears For Fears",1982
1837,"Slow Down","Douwe Bob",2016
1838,"Never Alone","2 Brothers On The 4th Floor",1993
1839,"To Love Somebody","Bee Gees",1967
1840,"Say You Won't Let Go","James Arthur",2016
1841,"Wind Beneath My Wings","Bette Midler",1988
1842,"You Really Got Me","The Kinks",1964
1843,"Time Stood Still","Bad English ft. John Waite",1991
1844,"Seasons","Earth & Fire",1970
1845,"Make It Wit Chu","Queens Of The Stone Age",2005
1846,"The 5th","Ekseption",1969
1847,"Southern Man","Neil Young",1970
1848,"Killer","Adamski",1990
1849,"You're The Inspiration","Chicago",1985
1850,"Peggy Sue","Buddy Holly",1957
1851,"All Summer Long","Kid Rock",2008
1852,"True","Spandau Ballet",1983
1853,"Cajun Moon","J.J. Cale",1973
1854,"Hier","Bløf",2000
1855,"Sunny Days","Armin van Buuren ft. Josh Cumbee",2017
1856,"Het Is Koud Zonder Jou","André Hazes",1980
1857,"Als De Rook Om Je Hoofd Is Verdwenen","Boudewijn de Groot",1972
1858,"P.Y.T.","Michael Jackson",1982
1859,"See Emily Play","Pink Floyd",1967
1860,"In The Army Now","Status Quo",1986
1861,"Meer Dan Een Ander","Van Dik Hout",1994
1862,"Homburg","Procol Harum",1967
1863,"Sunrise","Simply Red",2003
1864,"I Don't Want To Talk About It","Rod Stewart",1977
1865,"Set The Fire To The Third Bar","Snow Patrol ft. Martha Wainright",2006
1866,"Thrift Shop","Macklemore & Ryan Lewis",2013
1867,"Treasure","Bruno Mars",2013
1868,"Just The Way You Are","Billy Joel",1978
1869,"Heaven For Everyone","Queen",1995
1870,"Atmosphere","Joy Division",1980
1871,"Enola Gay","Orchestral Manoeuvres In The Dark",1980
1872,"Toveren","Herman van Veen",1987
1873,"De Wedstrijd","Bram Vermeulen",1991
1874,"Grow Old With Me","Tom Odell",2013
1875,"Teach Me How To Dance With You","Causes",2014
1876,"Lord Of The Ages","Magna Carta",1973
1877,"Way Down We Go","Kaleo",2016
1878,"Wat Zou Je Doen","Marco Borsato & Ali B",2004
1879,"Thank God I'm A Country Boy","John Denver",1975
1880,"Holes","Passenger",2013
1881,"(I've Had) The Time Of My Life","Bill Medley & Jennifer Warnes",1987
1882,"Lady Madonna","The Beatles",1968
1883,"Bright Side Of The Road","Van Morrison",1979
1884,"Lady Jane","The Rolling Stones",1966
1885,"Crazy","Icehouse",1987
1886,"Play That Funky Music","Wild Cherry",1976
1887,"Hou Vol Hou Vast","Bløf",2011
1888,"Teardrops","Womack & Womack",1988
1889,"Nutbush City Limits","Ike & Tina Turner",1974
1890,"Davy's On The Road Again","Manfred Mann's Earth Band",1978
1891,"Club Tropicana","Wham!",1983
1892,"No Good In Goodbye","The Script",2014
1893,"As","Stevie Wonder",1976
1894,"I Got You Babe","UB40 & Chrissie Hynde",1985
1895,"Eight Days A Week","The Beatles",1965
1896,"We Zullen Doorgaan","Ramses Shaffy",1975
1897,"Yellow Submarine","The Beatles",1966
1898,"Merry Xmas Everybody","Slade",1973
1899,"Locked Out Of Heaven","Bruno Mars",2012
1900,"Mysterious Ways","U2",1991
1901,"Steppin' Out","Joe Jackson",1982
1902,"I Can't Tell You Why","Eagles",1979
1903,"Torn","Natalie Imbruglia",1997
1904,"You Make Lovin' Fun","Fleetwood Mac",1978
1905,"Dog Days Are Over","Florence + The Machine",2009
1906,"Sacrifice","Anouk",1998
1907,"Time Waits For No One","The Rolling Stones",1974
1908,"Niggas In Paris","Kanye West & Jay Z",2011
1909,"All Apologies","Nirvana",1993
1910,"I'm Not The Only One","Sam Smith",2014
1911,"Something Happened On The Way To Heaven","Phil Collins",1990
1912,"All I Wanna Do Is Make Love To You","Heart",1990
1913,"Lost On You","LP",2016
1914,"Water Of Love","Dire Straits",1978
1915,"Papa Don't Preach","Madonna",1986
1916,"Lovesong","The Cure",1989
1917,"Close To You","Michael Prins",2013
1918,"The Ballroom Blitz","The Sweet",1973
1919,"A Piece Of The Action","The Babys",1978
1920,"Girls Just Want To Have Fun","Cyndi Lauper",1984
1921,"Secret Garden","Bruce Springsteen",1995
1922,"Late Again","Stealers Wheel",1973
1923,"Dead Flowers","The Rolling Stones",1971
1924,"Homeward Bound","Simon & Garfunkel",1966
1925,"De Blues Verlaat Je Nooit","De Dijk",2012
1926,"I Don't Like Mondays","The Boomtown Rats",1979
1927,"I Got A Name","Jim Croce",1975
1928,"People Help The People","Birdy",2011
1929,"I Just Can't Stop Loving You","Michael Jackson",1987
1930,"Everybody's Free (To Wear Sunscreen)","Baz Luhrman",1999
1931,"Hero","Enrique Iglesias",2001
1932,"Euphoria","Loreen",2012
1933,"Rock 'n Roll Highschool","Ramones",1980
1934,"Good Year For The Roses","Elvis Costello",1981
1935,"Brother","Racoon",2006
1936,"Woman","John Lennon",1981
1937,"The Road Ahead (Miles Of The Unknown)","City To City",1999
1938,"Dichterbij Dan Ooit","Bløf",2001
1939,"Black Magic Woman","Fleetwood Mac",1968
1940,"Babooshka","Kate Bush",1980
1941,"(You Gotta) Fight For Your Right (To Party)","Beastie Boys",1987
1942,"Everything","Michael Bublé",2007
1943,"Air","Ekseption",1969
1944,"I Knew You Were Waiting (For Me)","Aretha Franklin & George Michael",1987
1945,"Arnold Layne","Pink Floyd",1971
1946,"Bombay","Golden Earring",1976
1947,"Crazy In Love","Beyoncé ft. Jay-Z",2002
1948,"No Regrets","The Walker Brothers",1976
1949,"Atlantis","Donovan",1969
1950,"Behind Blue Eyes","The Who",1971
1951,"Rape Me","Nirvana",1993
1952,"Heartbreak Hotel","Elvis Presley",1956
1953,"Meeting Across The River","Bruce Springsteen",1975
1954,"Me And Mrs. Jones","Billy Paul",1973
1955,"Sausolito Summernight","Diesel",1980
1956,"China In Your Hand","T'Pau",1987
1957,"Memory Remains","Metallica",1997
1958,"Last Goodbye","Jeff Buckley",1994
1959,"Waarom Fluister Ik Je Naam Nog","Benny Neyman",1985
1960,"Proosten","Guus Meeuwis",2007
1961,"Luka","Suzanne Vega",1987
1962,"Feel It Still","Portugal. The Man",2017
1963,"Paloma Blanca","George Baker Selection",1975
1964,"Sound Of The Screaming Day","Golden Earrings",1967
1965,"Addicted To You","Avicii",2014
1966,"Common People","Pulp",1995
1967,"Chained To The Rhythm","Katy Perry ft. Skip Marley",2017
1968,"Ship To Wreck","Florence + The Machine",2015
1969,"Emma","Hot Chocolate",1974
1970,"Human Behaviour","Björk",1993
1971,"Against The Wind","Bob Seger & The Silver Bullet Band",1980
1972,"Suite: Judy Blue Eyes","Crosby, Stills & Nash",1969
1973,"I Love You Like I Love Myself","Herman Brood & His Wild Romance",1980
1974,"The Cross","Prince",1987
1975,"Diamante","Zucchero Fornaciari",1986
1976,"Lay Lady Lay","Bob Dylan",1969
1977,"Baby Can I Hold You","Tracy Chapman",1988
1978,"No Diggity","Blackstreet ft. Dr Dre",1996
1979,"Whatever It Takes","Imagine Dragons",2017
1980,"Op 't Platteland","Daniel Lohues",2014
1981,"Sun Is Shining","Axwell Λ Ingrosso",2015
1982,"The Model","Kraftwerk",1978
1983,"Daydream Believer","The Monkees",1967
1984,"Story Of My Life","One Direction",2013
1985,"Sugar","Maroon 5",2015
1986,"We Are The World","USA For Africa",1985
1987,"Don't Let Me Down","The Beatles",1967
1988,"After The Love Has Gone","Earth Wind & Fire",1979
1989,"Waiting For The Sun","The Doors",1971
1990,"The Last Time","The Rolling Stones",1965
1991,"Hou Van Mij","Het Goede Doel",1983
1992,"Save Tonight","Eagle Eye Cherry",1998
1993,"Get Up Stand Up","Bob Marley & The Wailers",1973
1994,"Memory Motel","The Rolling Stones",1976
1995,"Little Red Corvette","Prince",1983
1996,"Soul Man","Sam & Dave",1967
1997,"Fools Gold","Stone Roses",1990
1998,"When You Say Nothing At All","Ronan Keating",1999
1999,"Mr Rock & Roll","Amy Macdonald",2008
2000,"I'm Every Woman","Chaka Khan",1979
